solomon-harness-legacy-payload-v1	0.11.0
0644	a8485234da80c59c086a1eb30a8a9c578a6720be344bfc5b7a748f9d53ca9d19	.claude/agents/android.md
0644	ccc6898945947d9efbccf7fd718fd3b830177461fc788bd466f753ba27df64e8	.claude/agents/apple.md
0644	32f6056be03896dee32b9184f0f5b60b2cd86297c0f3f99508c0e1e667e8cb36	.claude/agents/auth_engineer.md
0644	0a256ad46aeefa564c8ac70d0065fb64570d79db65843a2d1974e12e1a6d14e5	.claude/agents/data_analyst.md
0644	3faac5e93300810b8361994df976a384a857739f2bee2798f672ba419c356b63	.claude/agents/dba.md
0644	2d694f6628a1d5d846e752e82fcf35b8e92f2b5a35ffa3e8a27f608e0a2f9d1c	.claude/agents/documenter.md
0644	381db225d1058267a529f376b5fbeb3637529f59b7c2fd608b1ad3d65b9ae402	.claude/agents/educational_psychologist.md
0644	377015f3b411c33aaf673e2d103fac8428b7f52713411ce826b71c2ad2790633	.claude/agents/flutter.md
0644	ed93ef254efc72fdc9683f99bb66cbf295d95d8ba81483bf26a7bab59d323cfc	.claude/agents/frontend.md
0644	5ac0f04479c726fd5623b4cc2530c9bc98a6bac10a03d0ef5c4f654c445d6f17	.claude/agents/legacy_modernizer.md
0644	fc9d7dab830074c7903d4ce596a5a457c3d885dfbcf99c12299bafc4c667c619	.claude/agents/loop_engineer.md
0644	f07c08f01fb2f815981363b790a7b567396231f2b50d2c2de86df44a212f3d96	.claude/agents/ml_engineer.md
0644	a0c2938c5de6a757bd8e8054f7ee0f6bc46b3db196a53d19c0f26a198285ce3b	.claude/agents/observability.md
0644	32a773d17a3008c234423baac554649066e1350d7e8776a861a74d49bc508f26	.claude/agents/practice_curator.md
0644	67f334af128b42fd9cd249679c1eb3fc598dfef25a36da871c2c452129514b8d	.claude/agents/product_owner.md
0644	1902c753687e28842a16aa341a8841dc7fe1b751ca58b9947f437130f90da10e	.claude/agents/qa.md
0644	fca1676f8fb2435865014bda756d0d1b1b9f51f8fc10fbbec55283eb641883ea	.claude/agents/quant_trader.md
0644	d50dac18e0ae31b087fb94516a3bfdee8c8a60a71c7ab7b491520c60632a309a	.claude/agents/research_analyst.md
0644	373ea2695e3e5f3be708fea4cf8e98857ecbc723f482859ce24816d863dbbd60	.claude/agents/scrum_master.md
0644	379ef5f0c270b2001b510e1d030daf4fd074983bb79cd1331dcc9cf10eec95a6	.claude/agents/security.md
0644	9358be35ae5291e24846e4ea0d8d8d13d8b209b36c2e8f3b19b32cf36486ad80	.claude/agents/seo.md
0644	ae7e63be59d5b51efdbca390a935b1ecd6d59c59a3d12620c009924ed53ecc62	.claude/agents/software_architect.md
0644	c9aa69d9dd267495af4373733844963c12853e8a9622d84791d29e0ff1de5ae0	.claude/agents/software_engineer.md
0644	a5bbdadeeb4740413bd561f4447a56b6288fc64cdd784a509e30833335230f1b	.claude/agents/sre.md
0644	1d011841255713142dc0a1b6fee7482fd2425ac1c7dbb9d05e39351219f2f8c4	.claude/commands/solomon-bug.md
0644	56da0e84fcc2e228ea2b9d4fc8f7cded61fefdf4941c475e21139ce36f5ba7bb	.claude/commands/solomon-idea.md
0644	227710a2c2119b97ecb353af1a3f3492e6cf60ae7a8f9ba3ee95a551419e101d	.claude/commands/solomon-issue.md
0644	f36b0d4a2f152cd60356b7ee9ac0752e7d791ee72e4d2c7725f21ae9f522a4ce	.claude/commands/solomon-loop.md
0644	26776b7c1956f9dc63d1ef3c67ae138d5b61629337c31c187ed7854eb11e7507	.claude/commands/solomon-refine.md
0644	562a71681136749f66a227171646da82b51ead4ece04bb4409ab7e784d5ceaa4	.claude/commands/solomon-release.md
0644	31bf48d358170c575c96db53ee4bc4ceb0adf8eb21963949478cfced1f66f908	.claude/commands/solomon-review.md
0644	c4f3f7bca5d72f078795e16619aa47f3374a3aa34024814dbd62f6f8db1b9890	.claude/commands/solomon-scan-arch.md
0644	112ff21ff8357b4f4f490a705fa61bd1d292577933245966197050647603ee36	.claude/commands/solomon-scan-dedup.md
0644	988765a050c0666184c6d6d071e8ea631616c0bd9aa414da7064c5d3e9bfcb2c	.claude/commands/solomon-start.md
0644	77ed42bdd66dca7902e69706d9b97f9a489641cdfc8f46ee88fc033452fefe69	.claude/settings.json
0644	ab34331abc3e4bddcb273305a5f1cdbf96413e3796e4c9d04a2d6f1d2c66402e	.gemini/commands/solomon-bug.toml
0644	62e266dbd4816f3cf00e201c208a9b59ac685e13a45c80f1d8fe8876cd955c01	.gemini/commands/solomon-idea.toml
0644	ad681fe6b6628dffa4bc3c65e33591bf0f805903e3fbbfb4497723322bd415c4	.gemini/commands/solomon-issue.toml
0644	e52302584a7548c31b7acf92f3a94c1fd0da5fe39ac27e268e1cf1431b60a4c7	.gemini/commands/solomon-loop.toml
0644	8ae4d61bc3bafd810de36f4b00091c54dfbdc0b50b8fdc29b4476f3c28ddde06	.gemini/commands/solomon-refine.toml
0644	cc6c079fdb32b38c19e010b5a5e30be3c0f5802b67fb3581c4a594473ee08a9c	.gemini/commands/solomon-release.toml
0644	eb582f3bcc9d9e96e8b4021ddbcc944fe7922b871369896ebcd16e062c810254	.gemini/commands/solomon-review.toml
0644	88a38e940255d792444694509ed35316e99e1454dec8c715020667cc8c055d08	.gemini/commands/solomon-scan-arch.toml
0644	c74ad7633195d6712f21aba959f41ab73c94465685c4b0d6294367aab2f8fa1e	.gemini/commands/solomon-scan-dedup.toml
0644	a66964bca10fe6d6c5016351d38ab5925d4fbdd94a7808340f8eabba653832e8	.gemini/commands/solomon-start.toml
0644	8f1474f126adb9b63a36a5d93ab5ee9aa6d7b2e9570b0bc3aeae4124036cead1	.gemini/settings.json
0644	bbd0fe047852f01dadcf05bea64645de4dfbd8485073c976b56ba1bb60732713	.mcp.json
0644	4e0a8975d9f5754b0bf8be94955680a23bfb470c241e0837bbf328da3d2bbd84	AGENTS.md
0644	6e1741ab578327bbcf4616d70e8fdd3150d66550027bd78fb5bdae340499d087	CLAUDE.md
0644	c40a5ce3dab628ffbd6e4597752a87bd5e0e2d806f2dcbf4d81beea8070e43ec	GEMINI.md
0644	0a9fee6dabd2e81fcd49e3a7b5cb9b09c2f159e3d8f1408d68a38612a842c6ce	README.md
0644	087ca2f171ee241bb7cdcba00e5cf5ef18e823c6a653ce5fe1474012a3c9a24c	agents/AGENTS.md
0644	298256d7f702702c995562d693c1f5b28a4cc4d10042bcc2eb45f31b239bc37c	agents/android/.agent/config.json
0644	4e90626cdedee01084f01e35f592657050232f1e9b0589ba0c52dd0ef23cfd44	agents/android/agents/android.md
0644	6ae8afa63a65884470cb2f627cb7b8059351fa72f09679be2908d83c464b631e	agents/android/main.py
0644	a4c0096f7462b47fcfebc242a7d477aaf527bb9eccee0bc46d72af3621ff7f88	agents/android/persona.md
0644	50350a49e553f02f876132f51ab063f7a5a35b15abf241f102015faaa833e35d	agents/android/skills/accessibility_android.md
0644	cf9525529cdb2f15b8a674627e58b38120e8c7485d74ba0978dd39ae68381b43	agents/android/skills/architecture_layering.md
0644	3235cbe9695c386651421389a7d11614f9d75ac56d99517a2215d866e2fc06cd	agents/android/skills/build_tooling_and_ci_gates.md
0644	330e8579095b0d213b18377036f2cc6f4c8771677e6c19b7d891bb64db88c3f5	agents/android/skills/common_pitfalls.md
0644	941608a79a3c11d3f6894fb6adcaa47d132780a349ff7b11c370cd91baed80ab	agents/android/skills/compose_ui_and_material3.md
0644	b00e63d9a591dbe2f2f48ff13c9ba89f6249156200fc776f7774bf844ec7670c	agents/android/skills/coroutines_and_flow.md
0644	c812bf3ef1841e9607b8f254dd482fff6da5abdaf9a2ceb596982ce8d03b4ca2	agents/android/skills/data_and_persistence.md
0644	d5bda6a89239d2463890a38fe877a2335931f9c1f7608599120d2562cbfc0f41	agents/android/skills/definition_of_done.md
0644	0f3d624fbbeeef4e6509c7e539089b1c14301b72f8b2e65bf57a113628aeaace	agents/android/skills/mobile_security_stride.md
0644	33559457c1aacd62e38a54412bc1094b22f19df1e25321239b3efa69594f8ba2	agents/android/skills/navigation_and_deeplinks.md
0644	5eb32ef1d2fbebe02cdad8c44844a3e533df6da7c87ad6eae53547a91686185f	agents/android/skills/performance_and_baseline_profiles.md
0644	f5b418a0e99c1b535e0ff180b5aea9c15fd98c2488e0f9135c2c895213f4d680	agents/android/skills/release_and_play_delivery.md
0644	5850d453eb253954e1b616803e04aaa7b6869a1241103f211bb870890d267fd9	agents/android/skills/scope_and_non_negotiables.md
0644	846fc65c292556594a8fad0a92a7fa43c5b254335b6b0ab3adb8fc22613b53fe	agents/android/skills/testing_strategy.md
0644	c5b87a353a20955e89227bb602a29c60c30d88da29849cac1254f4758d4a963d	agents/apple/.agent/config.json
0644	7f37b87244b1ed3621116771cc3e45b42fa0f1720419475178ab8a3e60c10888	agents/apple/agents/apple.md
0644	6ae8afa63a65884470cb2f627cb7b8059351fa72f09679be2908d83c464b631e	agents/apple/main.py
0644	05fd678058c6bd988f1fe5f7b92d2e50bbee57c8af9fd411dc1a74530d95cfd7	agents/apple/persona.md
0644	87f9c8ead7b979707ac9930aa950e9cd0b7047e60bff26beec525901c3bdfc58	agents/apple/skills/accessibility_and_hig.md
0644	7fc2fb450365b173ea97b457c7f335fcf525fc6b13ccf8131dd1b045de703d6c	agents/apple/skills/app_distribution_and_signing.md
0644	8e031256ac3fbe6c6fc3fc2c700b19df1ac40c403f5321bc3b34c90646c4b369	agents/apple/skills/common_pitfalls.md
0644	88287bcdee42b0d8c0ec69fecfc2583ae00c71e6480afd55bfb0b490b37cd5c7	agents/apple/skills/definition_of_done.md
0644	b4b2b22ba10bedfaf501e7dae0e387ddc2b6bf9d2600b4f050049dc5571fec5b	agents/apple/skills/networking_and_secure_storage.md
0644	b0ba5ca0e8634abfd38b27cb7569fb67f71a2ec4e67b1dd044aea9de7edc9027	agents/apple/skills/performance_and_instruments.md
0644	4b8e49123b7ebe1f1f14445032fa21f74111afbcaf65b9ed82a2d97a0c6d2015	agents/apple/skills/privacy_and_app_store_compliance.md
0644	6ef5c1e84748122b3b238d7ed644e789c2543830a61fb5eaecc79300bef0287a	agents/apple/skills/scope_and_non_negotiables.md
0644	e156c6e560207c632229e9e1212632010b821c336e5075130b7dfa3d46af6d27	agents/apple/skills/swift_concurrency_and_data_race_safety.md
0644	a83152501944c4816d0b149d235b061eda57cfd8fc18d5aa70f8471e416befd5	agents/apple/skills/swiftdata_and_persistence.md
0644	0658be74678ae6b360216b64448b4048cfeb206191601e398c36441ac7e3d73a	agents/apple/skills/swiftui_state_and_architecture.md
0644	0ddf6fa2b1b511680b2ebda989c651fe91e8fc5ab57399a1d5bf5d4bccde8994	agents/apple/skills/testing_strategy.md
0644	0096743a0b8d0fe5e441b74980624e73fdd6173c7e3a5733bdb04210121bbff5	agents/apple/skills/tooling_and_ci_gates.md
0644	e05ee6707902d2c92fcd1340450a63ca25baa5dd6b374fd2c53560e78659b008	agents/auth_engineer/.agent/config.json
0644	1c92d97b92852273a0c770850e3c29444a4d9a246897680e08fb85bb1ca92794	agents/auth_engineer/agents/auth_engineer.md
0644	6ae8afa63a65884470cb2f627cb7b8059351fa72f09679be2908d83c464b631e	agents/auth_engineer/main.py
0644	68809703ad68a4cd086dda9aa7d55b58efa4d0388e1b3a1effb53790d6d16c38	agents/auth_engineer/persona.md
0644	9f4c191c10704d9781fe2f1b5577ad076512bdf031df176f4f76515da88ac0a5	agents/auth_engineer/skills/mfa-passkeys.md
0644	7967a8fe285618bfc19ab1bf3f8b829c920e33745fd549ed9d6731e14530d2f5	agents/auth_engineer/skills/oauth2-oidc.md
0644	22fa22ba2db151b1bf351dfddbd83d120a28a7e55a33f27347980bd131d39e5f	agents/auth_engineer/skills/opa-rego.md
0644	afb304328eb0a08d2c38d5c2e6498251c31c394b2608ac3f326be2f716e2c932	agents/auth_engineer/skills/password-security.md
0644	125f34e08e22696a71122728f6ccfee041c482e78766e3d29af9917d61ccf41d	agents/auth_engineer/skills/rbac-abac.md
0644	f5d99a3e79bc9092ee8f07e4d7aa0928d5e4177fa178f1b7107294bb0d43c265	agents/auth_engineer/skills/session-token-security.md
0644	12ee51f9aacb3b188d3bf4f2a40538e5cc3dc1ea2bd344115dfb780ac56676b0	agents/auth_engineer/skills/social-login.md
0644	2658f06d9a08eec5e8eed9b3f1297b34b10920026f462457504d1fd2ef66ab0c	agents/auth_engineer/skills/sso-saml.md
0644	44b3761d0da14f17b10c1b66770bbe415a2cae0825898d9ecd5004474bcbfffd	agents/data_analyst/.agent/config.json
0644	d6bfc3557f8d3ad2ca6af6afe33907b397bea4d18d20205bae5e833d3704d465	agents/data_analyst/agents/data_analyst.md
0644	6ae8afa63a65884470cb2f627cb7b8059351fa72f09679be2908d83c464b631e	agents/data_analyst/main.py
0644	11ccf529972baadc1534e8b648daa52ba4d7cdbd938042c395a94857527af5a0	agents/data_analyst/persona.md
0644	120296b86af60faa3e31f9957d1e0084b19cf593d86d462da9e4f64a7f10733f	agents/data_analyst/skills/big_data_processing.md
0644	3cc9236647431d3db342d58e9472acdc241f51dfb115d8bb57d42f01b7d435e6	agents/data_analyst/skills/data_wrangling.md
0644	bfddf14d11b3fd64629644e9b3738e7fa22ce50ae8da8b65e2b840956d08a11f	agents/data_analyst/skills/reporting_and_visualization.md
0644	7876a1596dd5a5358654eed57df8d46e333b3f70282efcdaf7bf380e609dc288	agents/data_analyst/skills/sql_analytics.md
0644	0b328214ccf3f94fbe7bb5a8e7b5bf27afc1c67ed48c9ee2670c771bde4693c4	agents/dba/.agent/config.json
0644	4094ff9cb313e567af0a3b200cb357c85a7ed77464e6be3fbca3415468cae9fb	agents/dba/agents/dba.md
0644	6ae8afa63a65884470cb2f627cb7b8059351fa72f09679be2908d83c464b631e	agents/dba/main.py
0644	738341bbe46a2de01880a0af089c10db7e380a0ee5f7cc89d6814a3b799c728e	agents/dba/persona.md
0644	0d1e99d6e5065f6c671d74945add673309aacb92f44c7f0462f33b9696c63074	agents/dba/skills/data_modeling.md
0644	3e9c0eee0f1bf3daf7eba5b2681f9fc3fbc39250589f69a1642978b175779cf8	agents/dba/skills/database_administration.md
0644	0eb0289204dca5422983cb31d1d8bebf2fbe4bacd87b07700f209347fa05f3a3	agents/dba/skills/database_migrations.md
0644	885f29127ed13972b62db89b33b8d7aaad42d631ac7054332eeba27bea525e75	agents/dba/skills/performance_tuning.md
0644	3668275b0211e62d54d013a9de37eae304455bfa67b2a460b4f044782527d04e	agents/documenter/.agent/config.json
0644	34ec9ba4e6dd4dda9f3d80a1e06b7b1835be0178bda614c3df12f66fd2100447	agents/documenter/agents/documenter.md
0644	6ae8afa63a65884470cb2f627cb7b8059351fa72f09679be2908d83c464b631e	agents/documenter/main.py
0644	615d5ce2c21a5826b49c8c290ba675738f0ebf55765d57312b9da884a9b0a87c	agents/documenter/persona.md
0644	bceb4b587b6bb2609ddd9cfbc8ebf1eacf4808b4f50e6300a44eeb187f9f2453	agents/documenter/skills/api_and_developer_documentation.md
0644	1ba5b3281a3f63efa309d72e4284db12fce7c8d43d75b723e446baf2bc3b58f3	agents/documenter/skills/common_pitfalls.md
0644	02c4123e2df4ecf1bec4a328c995d7f6c2e786afee911b0ab380f3a3f28af188	agents/documenter/skills/definition_of_done.md
0644	5f4a10930bbbf03c28d61a03f367d8d1a024ae3f571ddf0161a92d5547c68fdb	agents/documenter/skills/design_documentation_and_architecture_records.md
0644	ea12c815a1fce62a51e2db7bd1436ddc081826d231c5d85194e9841f40df156f	agents/documenter/skills/documenting_specialist_artifacts_accurately.md
0644	ce4b0d953465db29133a8b59ea95cfde04ef8ecffff5670a0ac30e98cb1e1d49	agents/documenter/skills/maintainability_and_lifecycle.md
0644	e167828bf2d61935b8208f2a50519b7be4394a7d2e7a2d193320e7d78cdd2caf	agents/documenter/skills/operating_principles.md
0644	b55c15bc6bb2732a6b3a1a5296ad14ab7358c691bbbaee92a653d8e703c9cb10	agents/documenter/skills/operational_docs_runbooks_and_user_guides.md
0644	432d1b4b6a83857860fac35b7bac4f1f9db44c1cae7edf0d9a522ed7af3a6030	agents/documenter/skills/page_level_standards.md
0644	fe95f563ef0d6cc80e801cc6157649c2c8998f21227ec36a1a1842eae6f97c8c	agents/documenter/skills/readability_and_style.md
0644	42b50d74480cbd813adcba0079fb2a869723ad07ee2b1bd8526dd4131e7a6737	agents/documenter/skills/structure_classify_by_ditaxis.md
0644	1c9966b3aadabf8b7040246bafe08c9a5dd4e3b6176f1c4ffa877d4e9da29478	agents/documenter/skills/wiki_design_and_presentation_standards.md
0644	1a4b317b4466ec359aa2181ead1f266481df9f10523e5a7589efc66f07d4bab0	agents/educational_psychologist/.agent/config.json
0644	2e052fae772415259b40c225b3fe71502db670ab1bb1e5ce29cd10c3dd3b5315	agents/educational_psychologist/agents/educational_psychologist.md
0644	6ae8afa63a65884470cb2f627cb7b8059351fa72f09679be2908d83c464b631e	agents/educational_psychologist/main.py
0644	6d89e42290ef0de06014b7d4bc5c70f1bbefb8d2dcc43e410d68227d5b2083ce	agents/educational_psychologist/persona.md
0644	9ba7b7ae08d24a6bf3bb62595940de46035a58a2fcb6d00beb06228c90a63b2b	agents/educational_psychologist/skills/backward_design.md
0644	6be52b0a8f563fc5e025f3b32c91a99b5ac862eeb28c63f7225a5deeef007b06	agents/educational_psychologist/skills/cognitive_load_theory.md
0644	388a472d0cb23e8ed6f2bb57b4170502d56090214c8245903e890c32ed858e51	agents/educational_psychologist/skills/common_pitfalls.md
0644	a244cad885f0f5951fdf61421dd9124456d2d7c81b87b841d1cef73222f99772	agents/educational_psychologist/skills/definition_of_done.md
0644	9f7e1907aeccb65e589f1492de665f22b5d65fdd63a869f2f36e1377ce3bbc74	agents/educational_psychologist/skills/distributed_practice.md
0644	8b9210ca44c9643c281855f1c3e84b955433c11effe9eabe5fab5da2d8b0dc4c	agents/educational_psychologist/skills/dual_coding.md
0644	0ddcff4cf9667f043dd3c65915f054b68eee7f0b0a1dd6b3e4fb997f055a9406	agents/educational_psychologist/skills/evidence_based_sourcing.md
0644	251781373692fb2a1c645ac876486da8205de1cde92c660507a75c19f8c06b77	agents/educational_psychologist/skills/retrieval_practice.md
0644	84db4d8b92a9dcd1b004e71b9590daf8499975e76a0856a1f02a829a2a6eaa41	agents/educational_psychologist/skills/scope_and_non_negotiables.md
0644	9d2e72cd17fb2e578b62425928d580f57fe026a2974c86753fa9ae2e3c08e3a1	agents/flutter/.agent/config.json
0644	13de2740e6b1bdde2ca91f7557cb7ae83ca69ae83d64a79fd139bb5fcb42c924	agents/flutter/agents/flutter.md
0644	6ae8afa63a65884470cb2f627cb7b8059351fa72f09679be2908d83c464b631e	agents/flutter/main.py
0644	9fb0ed9cd046d20965023aecc677466ec1b92c071ff6886ca4cb6e028ea1fee1	agents/flutter/persona.md
0644	a8b45f7273483033c6f97b0e5a52e8e8d7d71024b67bdb8539e5b2e2ee8d5c32	agents/flutter/skills/clean_architecture_layout.md
0644	c5aa4f8c12003e31c54ba3f79d23aad8dea71499c3af5ec33cc84da1ee426f42	agents/flutter/skills/common_pitfalls.md
0644	7c4a586a1be96ab1fe30c61dd7bbac262619786df79a248dc4b25c94cbbf92b5	agents/flutter/skills/definition_of_done.md
0644	bceebcd4b3054150a241c67dcab0409430f33b3590164fe9b43e5c1f752dce02	agents/flutter/skills/mobile_security_stride_relevant.md
0644	3962d586dc1b173338389ea54b13fd6df99ffe795d3bd67cfeeea3e7c35b8e6c	agents/flutter/skills/navigation.md
0644	7f347a3eb400cf5eb6800215c833ded667b91f43d7a692961fa231d1cdefcb99	agents/flutter/skills/responsive_and_adaptive_ui.md
0644	c325b2f05de08199a197e3e20f2e966fa93f6236e5b97db26d322887c62fd0a4	agents/flutter/skills/scope_and_non_negotiables.md
0644	0e92ba3037db1dd73a21e94b8fe463b81c672ca2dfcf999e71d8216e843ef9a8	agents/flutter/skills/state_management.md
0644	a7d5411c1897c5aa668d0cefd469677740b529a199805aec62772418b022d712	agents/flutter/skills/testing_strategy.md
0644	1bacc95b8bf642c05856e57b34ea21b845901cd2c6a8283b356845356c25c9f0	agents/flutter/skills/tooling_and_ci_gates.md
0644	00934a8f576c182a922c37c3479e69de0263c5c3870df4896704558ccd0d4683	agents/flutter/skills/widgets_rendering_and_performance.md
0644	e1287c3fbf3d6f94934ad5b73bad864300db159d707b18573ac414dc5163042a	agents/frontend/.agent/config.json
0644	22d86cd9664a0ac1031d81dcc87aa4d95bcdf797ca1fa3d1b47851162d4ced66	agents/frontend/agents/frontend.md
0644	6ae8afa63a65884470cb2f627cb7b8059351fa72f09679be2908d83c464b631e	agents/frontend/main.py
0644	ec4d0809192366ef2054406668193f9a2c4a13d4850e77e8ea3ef0c3ce50529f	agents/frontend/persona.md
0644	f2f6596a7ac19545d6b192df98416d745057a4a4a01d75c32a093c65172eb2b4	agents/frontend/skills/accessibility_target_wcag_22_aa.md
0644	4efec67137f1a5502ee99e4e374e0af180ccbcfaefa41329d71485be1257f58e	agents/frontend/skills/angular_standards.md
0644	b2c881eccdfc94b92bbe349f435a91ed61f6703790efc447e54694f2e080651b	agents/frontend/skills/common_pitfalls_to_avoid.md
0644	76f727a7d0bb7eaeddf67bed2f2bffd1aa2335179d0e33cc2ef10a43446814f3	agents/frontend/skills/definition_of_done.md
0644	1a8876ed457c072a58397c44adc9d5e99b13542d1b36afa8b7264e2f3712c46d	agents/frontend/skills/design_tokens_and_styling.md
0644	5b89f93dfc5ffde9f8f3459d1168a61fa909bcf54cc1fa24e9af263b9d77042b	agents/frontend/skills/performance_target_core_web_vitals_good.md
0644	159663dce89dd294d220b4565b46f3a76d011e89e3dece214df1fc0e8c1c4849	agents/frontend/skills/react_standards.md
0644	958da632ae051bdfce9f3d7a5d55bd2adc6bfdd4d367f71dc729eb92db0b16a2	agents/frontend/skills/scope_and_non_negotiables.md
0644	71101dc496206836de3491eb067966e4d4842ce1d38423182981c85ec5c00c45	agents/frontend/skills/state_management.md
0644	1534efde731b741bf38510a9258bd4b83f60c8317c634e9d31185945c355ac2c	agents/frontend/skills/testing_approach.md
0644	87f4ac88f2a71a9a70b5b68005192bfad84cfa19eb39a5e8ca20e1b9039cddb9	agents/legacy_modernizer/.agent/config.json
0644	dce9f946ebef3310e3f82d632b9b78a7c5e4fb0e0e8b045f70fddce0b9df1a6f	agents/legacy_modernizer/agents/legacy_modernizer.md
0644	6ae8afa63a65884470cb2f627cb7b8059351fa72f09679be2908d83c464b631e	agents/legacy_modernizer/main.py
0644	3deb57137293fab02165228373053d9619c967d9f7485d37d6d476611f190294	agents/legacy_modernizer/persona.md
0644	52f5f0539ddf808f8f80108d8806a7484018bd001eb2dbcb5d858dff6788fc4d	agents/legacy_modernizer/skills/migration_planning.md
0644	cd97e43febb6b00af304d3c0df57d9a334fb3e5c61bc92fd3b6d70cfc1d6722b	agents/loop_engineer/.agent/config.json
0644	6bafe990bcc3f7964312d07e7185e07cdea7a896808fd907b9200e22373ac2d0	agents/loop_engineer/agents/loop_engineer.md
0644	6ae8afa63a65884470cb2f627cb7b8059351fa72f09679be2908d83c464b631e	agents/loop_engineer/main.py
0644	f739806886229528e4b6d193131e005a0bbcb7a33c82efaba1ba6338c2ba7564	agents/loop_engineer/persona.md
0644	ebaec8713cdb07112507d561842301763857eb677caa7a5101ac817bd3b9092e	agents/loop_engineer/skills/autonomy_ladder_and_guardrails.md
0644	437f6725a78efe88d3c0e15b68031acecf21e61db00711ecd8fc262bda9e5e17	agents/loop_engineer/skills/context_reset_discipline.md
0644	9ce410a2af4740abd908113b97a6e4c454c63b5f8771d3be714613991d6b39a0	agents/loop_engineer/skills/cost_budgeting.md
0644	2ddfd3baabda34090f5435d42454109d8200e172f372b8a44ad56152d6e954f0	agents/loop_engineer/skills/run_log_and_state.md
0644	7fe19f59f0c887a4fd745b295839a5d4926e2c68f348c2654927917d8071933b	agents/loop_engineer/skills/scope_and_non_negotiables.md
0644	fed8123b1236c880f823a21230091113fb06fa716b1542344e23d2779d51ef25	agents/loop_engineer/skills/single_driver_lock.md
0644	5835f98a4d8dde0fcb6d11b9fb6057b445696be168e4a4e217ad55c8db7dd1bf	agents/ml_engineer/.agent/config.json
0644	f0d4ddfc885d57d11480701bd076afdad09527797be2ef520ebb9d5f23a735b0	agents/ml_engineer/agents/ml_engineer.md
0644	6ae8afa63a65884470cb2f627cb7b8059351fa72f09679be2908d83c464b631e	agents/ml_engineer/main.py
0644	9d56d8ef99e751fe12dd00d749d6962bc584c5dd1bced2708372250beb44daf9	agents/ml_engineer/persona.md
0644	524179ca14a0e86229c0410df856de6ae55b41c96f3cbc2b0697a8c9eb13efb4	agents/ml_engineer/skills/common_pitfalls_to_reject_in_review.md
0644	464305a140a25cfc892aa8b8676a096974cfcc2250f7833cf80b85be5779b7a8	agents/ml_engineer/skills/data_driven_reporting.md
0644	a8bee1e28690a407f2f824e2b8d90014a39188b0618ba5f46cae09f4005b66c4	agents/ml_engineer/skills/data_leakage_prevention.md
0644	edc4a4d17fd1c8bce3812bda40674a8b830898d59fe70b2655902ab993014554	agents/ml_engineer/skills/data_splitting_and_cross_validation.md
0644	8d9bd75a7bc38d33b10b9206d53f825eb0f62a24a5ae5a2ad22d064f0afe2b51	agents/ml_engineer/skills/definition_of_done.md
0644	53e33adf6928c0671f7fcfc174b571ece7e91a9b3a7a322bcf41d728848b27b5	agents/ml_engineer/skills/didactic_explanations.md
0644	3bc5bc2abb7cf3102285adf6ca45067c1659d68909d2a6df903f0db248069ab7	agents/ml_engineer/skills/hyperparameters_and_tuning.md
0644	64a75aeadc0334cbc1145297bc8cf5c2a77b0af1468d4132a816c3896dae87a6	agents/ml_engineer/skills/model_hypothesis_state_before_training.md
0644	e7d61a0971d87bbff8fd2d91d457d27b4f7717d4a569e3d277428da3dfdfb894	agents/ml_engineer/skills/reproducibility.md
0644	b7a5f6e5e56e369311f61ddcba5a8bd0b139e1ffca2182823dc816914d97e02d	agents/ml_engineer/skills/scope_and_non_negotiables.md
0644	2c0e8e29207454ce4c519eb8c80e8b01d320151c995580f5446ae9629343386c	agents/ml_engineer/skills/statistical_modeling.md
0644	76c751d6ef1f6179b0cc4c5ab4cce6c6984c5e1be06a08275b5c7381a96e541c	agents/ml_engineer/skills/tensor_shape_and_numerical_safety_checks.md
0644	f4af126dbe347fd7a4c3deab99a233e816f12610d77cedb3d9b57686bb96ea28	agents/ml_engineer/skills/testing_qa_discipline_applies_here.md
0644	e887478156a02f67548a2f97406b583fc90cdf12ebf7a7a2c3d5acb66ca90e53	agents/observability/.agent/config.json
0644	6492a282c4fb3f2d7983ef10f6d446ced61951a96848ca29c6c68108a07fd986	agents/observability/agents/observability.md
0644	6ae8afa63a65884470cb2f627cb7b8059351fa72f09679be2908d83c464b631e	agents/observability/main.py
0644	dbc5ab6cda76fe7c3d37b768f0f631e054105438add25708e31ba60b0d4a73ef	agents/observability/persona.md
0644	e6bfa5ae4d3ceb5d04aeb38bf8a9e788494af6e73a0fdea29a3b8a1e2204f3b4	agents/observability/skills/alerting.md
0644	f4cd8d6f7f59c656b2cf681dd44b99c380991f1ccde5c7b58b25bc03ee0257ca	agents/observability/skills/common_pitfalls_to_reject_in_review.md
0644	29718b7fc01d67e7f8098f954ce28ddf0d4dcc71d1b8532707275dde07896b74	agents/observability/skills/cross_cutting_mandatory_competencies.md
0644	7ce52dff42e23ccc5dbad573ccd616e59935204552178af89edbb5d768d0be14	agents/observability/skills/definition_of_done.md
0644	4ca9308e07e98fa303aff49a1bd2439b8324532564ad46266601ce0d7f08ba63	agents/observability/skills/distributed_tracing.md
0644	2578e42e8768eba4f1c8605b863d536fca9729d71d0fa41d0ac39fbb5379641c	agents/observability/skills/logging.md
0644	9acdd65afbfca2ffba82e60af7a5ec592da092f63acc64d3a443abf6600c92ad	agents/observability/skills/metrics.md
0644	cdd9bf4c27159400ff89944c15f77097654788bbfcf07d4e2ad83d4924d4744a	agents/observability/skills/monitoring_dashboards.md
0644	5621854e7bb63fa29839e4ca29067fe8a05f9b307394ea8de4162b846fbae160	agents/observability/skills/opentelemetry_instrumentation.md
0644	4a96803e0d6462e3322789421b842afcdcce20eef2db428e2627b1d52a4122a8	agents/observability/skills/operating_principles.md
0644	6242d43c9406408c7e0686be357d6afe9e6da86e1ebcc3afa8cabcd004552690	agents/observability/skills/slis_and_slos.md
0644	bf15955ca9c7f07abd236008b21b01e41ada997d4f5c6cb0abd541dc93e442e6	agents/practice_curator/.agent/config.json
0644	7181285c5f54b9ddc0e286ba669016c817b3c9faf21f44cd39cd5bb69f184ffa	agents/practice_curator/agents/practice_curator.md
0644	6ae8afa63a65884470cb2f627cb7b8059351fa72f09679be2908d83c464b631e	agents/practice_curator/main.py
0644	b29b9bd23eb2406886b36f720fca744f50b082e7baee76cada175b46049449bf	agents/practice_curator/persona.md
0644	a133887a6cf1f27a09e549f874a680c6ca0870422605006f0c5856891171011f	agents/practice_curator/skills/auditing_delivered_work.md
0644	56136504e04e3d9c01a813f847ae2c37c1b6662db3f62d2a0d95bdb7a95aef7e	agents/practice_curator/skills/benchmarking_across_domains.md
0644	c57cafcd8d681194759f87680b8c0b64581c81512a78577cfec76f91363a8d7f	agents/practice_curator/skills/capability_broker.md
0644	9bdfe3ae468af6c3cf740ec30824c045482dde8b50273fc53245c50a521e1601	agents/practice_curator/skills/scope_and_non_negotiables.md
0644	013d96f74a1fbc4e3634dbec37a91a696af3a0607813bc1ee6606c220a3825a8	agents/practice_curator/skills/sourcing_the_state_of_the_art.md
0644	d6bfca43b26ee6b5c347a1f883ee3bf0e054be8f1a8733d6949d54d11bc2f02e	agents/product_owner/.agent/config.json
0644	d76bedc1ef9dae55fbe49133a1a75ed25fae249cecb3fa6368d12b1d8b3661ce	agents/product_owner/agents/product_owner.md
0644	6ae8afa63a65884470cb2f627cb7b8059351fa72f09679be2908d83c464b631e	agents/product_owner/main.py
0644	0e362395ebdd98c9c9220a494d106e006cd82f3520e23bc7c22adb33a547b830	agents/product_owner/persona.md
0644	69416ab6185f4216f76937c0e2c199e340f96a24dde1cebf3a2b7c4b129f34e4	agents/product_owner/skills/acceptance_criteria_given_when_then.md
0644	c5bb4c129539a9856fb8907bd029be83f2332cf02f1c479a4a5901d5ca0dce10	agents/product_owner/skills/common_pitfalls_to_avoid.md
0644	78c4c79525a53a6fbea1244aca85c48512be443102956725e4b33bce9211da4a	agents/product_owner/skills/definition_of_done.md
0644	9e264499ae8cc60f01c9b02b5f1f8e6f22c543a7f5c044a77b07d65427d2dce3	agents/product_owner/skills/delivery_forecasting_and_flow_metrics.md
0644	9feb65aa436083234cfffd9a21e32fe3d152b295b6b61c3267b50a89643bb20f	agents/product_owner/skills/encoding_other_specialists_requirements_into_acceptance_criteria.md
0644	4b8a86757f38a3d5568d3e5885789b3f14d22cb1b67bd729ef46aa847903b28f	agents/product_owner/skills/prioritization.md
0644	3abacb0bc2fa6f82c365daebd416d9cc7c4359db5fd8cb0c9e14cd84888f8244	agents/product_owner/skills/product_discovery_and_jtbd.md
0644	b1859755d3312ef760f23b5b1a51dc65bb9d436b9ffdb8ee6ed3178c97901155	agents/product_owner/skills/requirements_traceability.md
0644	4f770349c6d0f208b9275fdbccd6912f97f26826e4a61498e426656971131408	agents/product_owner/skills/roadmapping_and_release_planning.md
0644	c04a876c030565d6a32072a8b846abc0be57e4ebb731ae1d08364de9278038d9	agents/product_owner/skills/scope_boundaries.md
0644	c4109d48636a0e8eb9b52c86b9a0843ecbaa011394c94cd615a5a71f14cc170f	agents/product_owner/skills/the_prd_contract_template.md
0644	e8e564233aa893f7b1a8cd5600ba7607d81b282a14abf5f6a1d1dbada2f586cd	agents/product_owner/skills/user_stories_invest.md
0644	4586e8ac38b73b40fc3dcc86de1cd179ddf778638c9008c77e86af9a0b05483b	agents/qa/.agent/config.json
0644	c63465c04f79e200900a880f9078f4746c38cdda0191baed867ae5a183f57ff7	agents/qa/agents/qa.md
0644	6ae8afa63a65884470cb2f627cb7b8059351fa72f09679be2908d83c464b631e	agents/qa/main.py
0644	bf00833e6264ab49cbf782bc5712baebd00df788af3b608eed16bda4807ca3f9	agents/qa/persona.md
0644	26d00ffe0f2ba3ce7050e0f8935009528c40d72e837caf0045a2ccab6937e68c	agents/qa/skills/backtesting_verification_specific_because_finance_bugs_are_silent.md
0644	e6b98cbc99ce4db087c43d261503ae6d8e2f30dd1a64eb62f107685359932cca	agents/qa/skills/ci_quality_gates.md
0644	eab4e4d9ed3aa7b33e612165569aad5f8b291c402ddce9dbe58518bb75e54c89	agents/qa/skills/common_pitfalls_to_reject.md
0644	a876bb9231a7bfed9e46e1036fec41a2556076359b4ad4586acc85ba3c77e82c	agents/qa/skills/coverage_a_floor_not_a_finish_line.md
0644	27c1fd2000623f667a4750e8aa521307af2f0071132520ffcb56fdfde13fe120	agents/qa/skills/defect_triage_and_lifecycle.md
0644	b295df6dd142991fa6bd4ce004302d2f9b3c940859219f14d671fd64644a3be6	agents/qa/skills/definition_of_done.md
0644	888425ec0d835004cc9f6efd8b4444594120ba90ba3459054ec77f5f33a53462	agents/qa/skills/flaky_tests.md
0644	ce604c58ce5b34b8e2c9893365b58d2cea10826e13f50e4b312ea2fd724b86e2	agents/qa/skills/integration_and_e2e_testing.md
0644	9bf456f1056c8501caeda775e0cdd5eb54c1304555e8a48809ace6d4185372ee	agents/qa/skills/mandatory_competencies_non_negotiable.md
0644	c405f8a859e9c02aa84385386d87a7bd311a9251c714d821fc0ffcf5416cda95	agents/qa/skills/mocking_and_isolation_mock_all_external_services.md
0644	948cb38377b529ac1134c1e0293d5e56ebf01efe5fb1010d6486492afcc34a94	agents/qa/skills/mutation_testing.md
0644	4f0bad018ce5995e44754d2ffb2d9a8642204083ba8b41ef29c605b6a79653b2	agents/qa/skills/qa_report_the_required_output.md
0644	f80e46105dd4d2ebb6122a893e48b71505aaa28bb034ff0283d043f8bca36aba	agents/qa/skills/test_design_rules.md
0644	c1ce91d40d1dbd4ffb4b5042a2fe388ae866afdf99d821417cda81f583f6da67	agents/qa/skills/test_planning_and_traceability.md
0644	131d5153ee9e3d2eae297b95731b604c3a86951037fd393d1b532e285cfa91f4	agents/qa/skills/the_test_pyramid_target_distribution.md
0644	2a2b17dea12e12725d180de66a51a744e421bd574d90de3eb602128c840fc223	agents/qa/skills/uat.md
0644	0694c4bc72b317bdd60bed083abcb52d6b0e563c31ce47f7c0bb20f44f462636	agents/quant_trader/.agent/config.json
0644	4409e4c98c7beae0e18d2496d09053eb64a86631e36fe3ac02de753962a82cc8	agents/quant_trader/agents/quant_trader.md
0644	6ae8afa63a65884470cb2f627cb7b8059351fa72f09679be2908d83c464b631e	agents/quant_trader/main.py
0644	e1a12cca5f71872fdb08ed62cc657b52f5c559cab4047bcac7306869e40e7ec5	agents/quant_trader/persona.md
0644	1eb510c6f5f9342122077d9cb3a36e741a09e55471592db481315cbec6f21bcc	agents/quant_trader/skills/backtest_pipeline_standards.md
0644	9196484f5c77f551c5c578a26cc2440cf452cba06b50bc098f7af23348e27148	agents/quant_trader/skills/common_pitfalls.md
0644	fe86d78cd68f8488a31915340074976af349b2b801e79cc5976b5029ab27cf9b	agents/quant_trader/skills/definition_of_done.md
0644	61e14613c6f9aea98463dfdb528b8c46903d848dbc3e9a573c01e5b880a00b92	agents/quant_trader/skills/drl_and_ml_safety_and_robustness.md
0644	ed62f83a18da043aaf004f8deb8f537d735d2bfc171b9aacd2abf68cdcc17cd3	agents/quant_trader/skills/mandatory_model_hypothesis_card.md
0644	f0eecb00502eb1962349738c200e4ea5136bf340c6df96e28b9e2ec351a19616	agents/quant_trader/skills/market_regime_robustness.md
0644	66c9d9861dd7f1eb6ae55e3777fee21c34faf863862c9e8f6f3ec28e7e97d971	agents/quant_trader/skills/overfitting_and_data_leakage_prevention.md
0644	c43064309e72741ea9697eb1ab9ba20220478969ca90a8a6dbe9892ebcebd143	agents/quant_trader/skills/risk_parameter_enforcement.md
0644	64fb0843d401169052347f6af1bd981d43afa574aace4c12e7f1451af214e05e	agents/quant_trader/skills/scope_of_this_role.md
0644	4dbc90cc1886c1ddb171a298359c4b47b257056520c6ed80e0c65d664ceaef9c	agents/quant_trader/skills/slippage_and_transaction_costs.md
0644	a0bc041f90b5f0181df2b1b7cfc9c8a74cf2d6811dd81e88a92640e9faacd15c	agents/quant_trader/skills/testing_qa_discipline.md
0644	4695a9cf20467c9921b4334a2e504a3c74fc75fe1f2e3834a74ff5abe6183a5b	agents/quant_trader/skills/tooling.md
0644	7544f690b5fa2da393f2af1655fd52c54975695a5262acfdfe1b720460942863	agents/research_analyst/.agent/config.json
0644	c26ed41f915a472f110287a9173522531b332f256e324f7acb0a3590209c778b	agents/research_analyst/agents/research_analyst.md
0644	6ae8afa63a65884470cb2f627cb7b8059351fa72f09679be2908d83c464b631e	agents/research_analyst/main.py
0644	4cab49d3c26cecb76cc7c7400416a91b336292db5717efc0ffc21e06f4b4cb63	agents/research_analyst/persona.md
0644	4457e390ba7df4c44ad04998aded7180ec2a2bec00089db79e598bd6523a4671	agents/research_analyst/skills/common_pitfalls.md
0644	c826ca243c9481c5854ae0b76e7868c3bf8f8a31625e9d8b1eddfc337700863e	agents/research_analyst/skills/definition_of_done.md
0644	f6e66c77d80136f974a8ef93b62338883298c5985167f0b3d78b8b434da1ea59	agents/research_analyst/skills/research_sources_playbook.md
0644	be53e6611b95df5601f15c533252c949cb4200d8ae9bef6a4fd579fa36124a0d	agents/research_analyst/skills/scope_and_non_negotiables.md
0644	590c1b7a11aeff6f617829a439db820ff958f3c152a23a6c5db54e18262a4aeb	agents/research_analyst/skills/valuation_methods.md
0644	ff27f716b4e9d0a0b69aa1036a5ea4fac126a54c617dfb03f533a45ed02a492f	agents/scrum_master/.agent/config.json
0644	28bb3849b4c76a55c8d1775d9e573c6fd99a7bf849dbe19ec5f1a015b1782373	agents/scrum_master/agents/scrum_master.md
0644	6ae8afa63a65884470cb2f627cb7b8059351fa72f09679be2908d83c464b631e	agents/scrum_master/main.py
0644	6f9abf07655e5277215727b326a5241301da61a7a0e4cb8664b3f7f69d035aa1	agents/scrum_master/persona.md
0644	99414f907aaa35003c570706f1e3b397a84fa4812c9143f332819533589b0d7f	agents/scrum_master/skills/backlog_management.md
0644	c52cf1ca984d581aca464ff40229308bd996dc654bf8e6ed72a69939da64bba2	agents/scrum_master/skills/common_pitfalls.md
0644	1892d7dd1686eab5ea6804a2c7aa260d985731de560dd68d3c8f57c7c02ed3ad	agents/scrum_master/skills/conventional_commits.md
0644	434888f7c159d2e7d4a39c140172e2188db6ef5b7e75cf78d6e0b3af138b1f73	agents/scrum_master/skills/definition_of_done.md
0644	fade38ce348c6521d901d26c3554906594a9634f4ddd4ac2da5f2d17a96f7b42	agents/scrum_master/skills/dependency_and_risk_management.md
0644	2b3284f3704e82ed1fb9c9737adf21130bd45aa833bfa169372b200f3679c610	agents/scrum_master/skills/flow_metrics_and_forecasting.md
0644	a308267da7a01e1536ff944bf773fb9c36054770d76d9f88c66864ff3af3cf7a	agents/scrum_master/skills/git_flow_branches.md
0644	ac4f0fbb3f33cc92d28122eb144cbce5ae5da93d74d2aa8948499cbed98af68a	agents/scrum_master/skills/handoff_and_memory_orchestration.md
0644	f5916e8e05e542702930980f9836d9d1c85ec497c6b911bd00f3dda96ba65b31	agents/scrum_master/skills/milestones.md
0644	9af9bcd0d68e1103655dde504ffe130cd00128ccdbb2374ed9d6f28645e708ed	agents/scrum_master/skills/quality_gates_you_enforce_across_specialists.md
0644	aa3f32e1a149eaec8d80dfc31cf3f924d927ae3034d0b198569ce98e3fa53079	agents/scrum_master/skills/sprint_planning.md
0644	6e207b3c897fbe9542d3606be533b197eded8819f310fa36b8a6982c2e3da1ae	agents/scrum_master/skills/tooling_scriptsscrum_mastersh.md
0644	7466f436d0673a87fa6d1fbd5ea20d377c6bccdac7d5a39c5611318876f8a24f	agents/security/.agent/config.json
0644	6d532a0ee32a11b5aa102ca23a36783dcf9fd3e129ea33b93c1e2f127c9e6d85	agents/security/agents/security.md
0644	6ae8afa63a65884470cb2f627cb7b8059351fa72f09679be2908d83c464b631e	agents/security/main.py
0644	fbc8ff610937b8322bb59f48f523fd0388e2037f93a731fd1f6159848037c6c8	agents/security/persona.md
0644	302879e4274b381787e37ddfbc291119d08f12842ef6bc46cf2c57078fe0b3b0	agents/security/skills/common_pitfalls.md
0644	31ddcc7e6f584269c503465a0baaf6f448d2a5e699944163c74641f861132e86	agents/security/skills/definition_of_done.md
0644	acc60435418bde4df0acc34f19400a3c95b22edfca9e3548522abb5f2adc5dd0	agents/security/skills/dependency_and_supply_chain_security.md
0644	920a310d7f59c60456db7af4bfc88c00042e3c0a1ca137e35af534ebc026e771	agents/security/skills/mandatory_project_competencies.md
0644	e2c453859b27ca23983dc8feb3edd9d630df39d9bdc148c9685a6b4e9baaa262	agents/security/skills/sast.md
0644	19a2e9912bb71a79f5edda286bc3b96ff9165d263ca3624e27d3ccdb03f319a0	agents/security/skills/secrets_handling.md
0644	b5b3212df88208c70604eac3ffa51a13c4ad43dbed9db7d6f88ee88e1cfc8a49	agents/security/skills/secure_python_development.md
0644	90d84b12f468c0a262ae1fff02dc2556cb3723c4d2da8498f05d23fbe51e68f1	agents/security/skills/threat_modeling_with_stride.md
0644	2ad68700db074d305b56ca7fb0ffb71708a5538b73941c228f2ba04859d88b9b	agents/security/skills/vulnerability_mitigation_and_remediation_slas.md
0644	b810de8a2437d5b3cc7d6b5a5829d4598902426fdb26d56d6528782e739a6541	agents/security/skills/when_this_applies.md
0644	422aa7a5a85663569b99c140a0210f550da6fd2d3de67ba15b1a388c53220b5e	agents/seo/.agent/config.json
0644	5b0049c55bcbb0543c6ca7ddfd58a7ed2ed1229379c0cc25f312b65170cd49ea	agents/seo/agents/seo.md
0644	6ae8afa63a65884470cb2f627cb7b8059351fa72f09679be2908d83c464b631e	agents/seo/main.py
0644	246a00590184b98228ce9b6767dd0d116a90d3cfcd05b0845128432912b51f59	agents/seo/persona.md
0644	f59a5a078d83c63b0074f8b6186cd1a91aef5b2e147a4ac799b57f097971b501	agents/seo/skills/common_pitfalls.md
0644	806cc5d67809e6e4e21cdc395bd0354797748b15b273cc87206e1be4d095b79e	agents/seo/skills/definition_of_done.md
0644	2210547ea05b7cf603b9d021bab06a63fe59d6198140787dae1a3ad979bd940a	agents/seo/skills/indexing_and_crawling.md
0644	059f0d40406ade0e0865c0e19acea87e628e9ef302b49c97835de685fff2a4fb	agents/seo/skills/mandatory_competencies_for_this_role.md
0644	4210ed25507df0602fe99a8ec5a0475163327338c043d1f30b415735c97ce933	agents/seo/skills/metadata.md
0644	ba993493dbd345f1f375a2267f418d01fd45f52810ef05c336a1a963196c809a	agents/seo/skills/page_speed_and_core_web_vitals.md
0644	c7c16ba1790600a819d4dad4ef1f6646762999feba9525fb1400c453a4fa7929	agents/seo/skills/scope_and_mandate.md
0644	69a7340c32c22c817ee8189da4cf637032f07fa879338376969cbc5578b833b1	agents/seo/skills/semantic_html_hierarchy.md
0644	efd92fef313ff7b21db822fea02e8e1c9f9545c5f4752e8ecf447f28e3f4aaa7	agents/seo/skills/structured_data.md
0644	6f6ad0d694ca9d36351fc672c606a9012389669e4c5046671dd218cd8a9663f3	agents/seo/skills/technical_seo_audit.md
0644	890e7969959da355fc98c17cb81d620bd21fc7171d33c3b8d8554073f84572d2	agents/software_architect/.agent/config.json
0644	6a234b4d2c049b074b4cd43faca8fee6b48e45923831ddf4e6c388a64f6127c6	agents/software_architect/agents/software_architect.md
0644	6ae8afa63a65884470cb2f627cb7b8059351fa72f09679be2908d83c464b631e	agents/software_architect/main.py
0644	196c19bb3e1a1ff7b91ec910fe93afd8dbda8c4c1df6385002d45e8cd542327e	agents/software_architect/persona.md
0644	16883475bc66e3aaae9059239d4a568776b5b8707c406ce60ff6c4b03babaf39	agents/software_architect/skills/architectural_decision_records.md
0644	bbe7642fc9a14e60b27aa325b206c016e999682c316ece807cf88a27ff9e7084	agents/software_architect/skills/architecture_decisions_in_project_memory.md
0644	6a96f0bbdf914060f320bc9d701f400df5632f054618098ce96a7af4d38de685	agents/software_architect/skills/architecture_review_gate.md
0644	73a8a9188bebc6f084f8295191a9d8cb39be2ccc8bfc357a222f4cbd1fdc34ba	agents/software_architect/skills/architecture_scan_loop.md
0644	4fe3a5a324fa37f59f094bf202ab48a1ecff8f9d8a7f9f9495d7725baffbb8c3	agents/software_architect/skills/architecture_styles.md
0644	a33b8a1800662395d92468282a8ed33d382b3a8c830c4dffd19c73f8e1cf473b	agents/software_architect/skills/c4_model_diagrams.md
0644	c00800ff0efb28bd049707c130445896b90336499222a16d0246c2cb4c846e74	agents/software_architect/skills/definition_of_done.md
0644	f9755fde3176f79ce1eccd6f4fd9297ed8102ea17558fdecf45fa133d80737b3	agents/software_architect/skills/design_contracts_as_component_boundaries.md
0644	4bedcf8dbf25719e03dd0d110345ce96ceda30dc355bcfcff21cce4d459ea744	agents/software_architect/skills/evolutionary_architecture_fitness_functions.md
0644	b2149708fd4ae657975aa07806d5077e47e826ef24b8ddd9911a665e49952fc4	agents/software_architect/skills/incremental_migration_and_delivery.md
0644	a97a9fe7b1ee9fdcdee207930f9b56c0b4ce6853df51e241aaf861c130e48409	agents/software_architect/skills/mandatory_project_competencies_to_honor_in_any_design.md
0644	8c6a4dcead8ef9a097f82caf0b90d0b2612d1ca1f94b36f8ce6d39029dc9b6bb	agents/software_architect/skills/non_functional_requirements.md
0644	a508ae92754942442c473c2586f02154f07b607f2144b2b5ef44fbcc2da42bda	agents/software_architect/skills/resilience_patterns.md
0644	dab72646c5d3f8b30dedda2a9f10593f2611a6f32e4e8526bb3f6283766652cf	agents/software_architect/skills/rest_api_design.md
0644	cee4f5bb87b819ed33843fe739e3685c11fdbffac0305d73208800b62413b9e0	agents/software_architect/skills/solid_and_structural_discipline.md
0644	b21dbf0482a04af97780f7e784c59ece653e656aa289ae7fa66ce2b0e3b2468a	agents/software_architect/skills/twelve_factor_app.md
0644	56d61b19f55cd04e5f4846bfa8b18c60cbe152f9bbb48347b7a61e5a845a0af3	agents/software_architect/skills/when_this_skill_applies.md
0644	d035a9fc2048535216585b158c58c3bcaf7102589d9866aee9976bb3a1394cbb	agents/software_engineer/.agent/config.json
0644	3cf339d66b95d15434f20e23f25355f85c7992e9a85172cf4cd857c1b6ab79af	agents/software_engineer/agents/software_engineer.md
0644	6ae8afa63a65884470cb2f627cb7b8059351fa72f09679be2908d83c464b631e	agents/software_engineer/main.py
0644	b556379634540bd55bed970cc23b985d4eb7076b2578a4ba2d789d3704778fec	agents/software_engineer/persona.md
0644	d6e75040a0218720ad2cbb0f12a100b3ad943b4319e3947b4f5cbc4e20217212	agents/software_engineer/skills/clean_code.md
0644	3fd5a095dcb5994f2ea2db1dfdc27ed7e660572075d4584fb09413c86b90dd00	agents/software_engineer/skills/common_pitfalls_for_this_role.md
0644	17f6e0bfa51167c1cb82363c355c1a0142ec0a374c7de2e974fd73ca0d104adf	agents/software_engineer/skills/debugging_method.md
0644	c26611c8842189a12e82edb3ed796d4915bab74b5f6d3a45c59b443c9e3d998c	agents/software_engineer/skills/definition_of_done.md
0644	378bf176db048ee5a1ffefedffd9c9cf7a3cc9938b447e9e085ade81beb1f95e	agents/software_engineer/skills/duplication_scan_loop.md
0644	f107db692d601f268332cb1c190fe724a76bc1c98e55181bf3db1e0e60b90b7f	agents/software_engineer/skills/error_handling_and_problem_details.md
0644	201833e7969ebc02c76e7e6fd1525da469670f398c8a37bcb7c1150724c3026c	agents/software_engineer/skills/git_flow_and_conventional_commits.md
0644	e302fea1500e7bf55c2f13f7808124e68caa0adbb534acee108087b726af3c3b	agents/software_engineer/skills/harness_memory_and_handoff.md
0644	583019aede199a1f58643dee5702119f20ea49c472ba63cfb2253d2c3ee16463	agents/software_engineer/skills/hexagonal_architecture_ports_and_adapters.md
0644	b6a877e36d4851d99dd1a2564927c45de0ca6fd5d8acc99d2536205c0641d156	agents/software_engineer/skills/plan_authoring.md
0644	eedf8e0aaeb82da725337c19bd4569271b0d258fee02865b105c0cf95de35c5d	agents/software_engineer/skills/resilience_patterns_in_code.md
0644	949df6d16e35a4f4dc08956fb8a9c55dc1080de8ca2f943fa53804d0e46a3ca3	agents/software_engineer/skills/rest_api_implementation.md
0644	8f13afffb9fbf533b2139cd4dbce021865b7f273d875520e71ab453e0b82c789	agents/software_engineer/skills/robust_defensive_code.md
0644	1e42dbc6688953621e678ac5a94db92e8b4b6aae97c41a7e781f242be85a88fa	agents/software_engineer/skills/scope_and_non_negotiables.md
0644	e0dd09402fc1f21d6a2cfc3c9d60cd2e03e8a77f580f93b8bb233f3631c44847	agents/software_engineer/skills/security_stride_during_design.md
0644	a0c4d3a7b61264af3074b80745be5b99ffaef06b6957b8b46d6be6d6f4f29aab	agents/software_engineer/skills/solid_applied_in_python.md
0644	2f3e6db6cda041f42800b11ce403be9513845a6739516eb868ed9775de0557ed	agents/software_engineer/skills/tdd_red_green_refactor.md
0644	3724c3d159a5b7649402ce4df37e8bb1bc2aae2f83b05b2abe35de5bb40c8ba7	agents/software_engineer/skills/test_pyramid_and_mutation_testing.md
0644	b20bacc6000a89f9f1a2d2f89ac5f9ac038eb77aeb42606abb3c7f3226109801	agents/sre/.agent/config.json
0644	6029b7a7ea9400274fc66dab410cc977cbc2bd8fb6ce3a8b64cb1a2caff02bea	agents/sre/agents/sre.md
0644	6ae8afa63a65884470cb2f627cb7b8059351fa72f09679be2908d83c464b631e	agents/sre/main.py
0644	943f6a30428815e3c835250eefe30a8c70da75dd815091ceca3ac2601c6a2216	agents/sre/persona.md
0644	ac2dd48f9b9f433355a228b3c25c7664bb736b95f5d20e93819cce56ef7dca17	agents/sre/skills/definition_of_done.md
0644	92d448d9907e439f95a15be59eda2c25fdf437cf54c4fdd90af42f9d444f607e	agents/sre/skills/disaster_recovery.md
0644	d30fd6d50ce4eedd928ce1a2e64595c9d36dca50e1ef42aa70dd1aa7754c11c1	agents/sre/skills/dora_metrics_and_change_management.md
0644	93c99af9fa11c82a7379d754ae63cf54de6156833e7b7419245693825deacc85	agents/sre/skills/high_availability.md
0644	aa8f7a761ee5f2d11925a02f73c6c4331b9f78822f8da9cfa74d49e12cb93bc2	agents/sre/skills/incident_response_and_runbooks.md
0644	6e924cd0482fe7c34012e518ee408dbed8168cf4767592a1e5dd9d83e8b58963	agents/sre/skills/infrastructure_and_deployment_pipelines.md
0644	bea7fd2120eb9a05cdd74b78dcfe60d6238846af40231f8bd313832d29763fbb	agents/sre/skills/kubernetes_operations.md
0644	2e6b2abe0fbb43ea0ec4f2edec4beb74851773a2190618799c92598905104ea2	agents/sre/skills/load_and_resilience_testing.md
0644	a88ddecc2c51cc610a12b79ae561f6d2a893f82e7fff0d3b14ff4a35f20f42f9	agents/sre/skills/mandatory_competencies_carried_into_sre_work.md
0644	10d18d987ba11907e294b15987c7ca197a9ada91f927e788f474f180563a3732	agents/sre/skills/production_readiness_review.md
0644	2d37e47b6945f84a18f523d5f935d498ee30b2e3325d5db41f580b67d2178488	agents/sre/skills/release_engineering_and_progressive_delivery.md
0644	10eae067fd3c5980237b6035179d5a11c9539abbe9e55151a70148f70f93617c	agents/sre/skills/reliability_targets_sli_slo_sla_error_budgets.md
0644	d0e6fd9ad62f48f23b78973a693302c16876a7750e2060f581f23834663c2ef3	agents/sre/skills/resilience_and_load_shedding.md
0644	a9d3e745fc32c243885cdc467f43e65c8476ca049dca0e7a05ff47baeb7e2175	agents/sre/skills/tag_release_and_changelog.md
0644	533bcafc2adc35fa07ab5491b741023840c26a5635a0ca800fd5ee774eee6be0	agents/sre/skills/twelve_factor_app.md
0644	a230814c20d1071be3fa400ba60b05282baac961b88ae4bb8e3ca6139dccc04b	docs/adr/0000-adr-template.md
0644	8bfd58c733211f3874996ac0b8aa7bab95594c17025d8c989faee071bdb1c724	docs/adr/0001-isolated-worktree-and-implementation-mode-on-start.md
0644	a6a0efa0e283e5ccd8a6cce6de94ca3ed52a4a8c102c74474b6a132fbade0855	docs/adr/0002-cockpit-cross-tenant-read-topology.md
0644	8c113f1e25c51812d21eda7e4a5fbfa5f14a82b402620b9a969d6e50c1eef454	docs/adr/0003-cockpit-web-ui-stack.md
0644	07e04569141a88cdd70ec5bd5147d4911a393a8ec830f6bef5729847e97ee88d	docs/adr/0004-milestone-gated-releases.md
0644	c9bbac9e2ff0e87362a5a9c1fe18508da820aff85808f209c543c8d2f9bf15ff	docs/adr/0005-cockpit-web-ui-stack-nextjs.md
0644	96239dc29dbc100aec51b0dbcc3cc2d9e941fa5e153b95e141fd476548f10a9b	docs/adr/0006-canonical-issue-status-vocabulary-and-board-to-memory-write-through.md
0644	f2952a11356f0100d300b9c7c8e1fbd66bcdc2818f1ada5171db65fa20a277b3	docs/adr/0007-memory-resilience-model.md
0644	1322f1c8a6cad0be94255ff190bd5e1f378f2806102ca5a3d3e38f735d211440	docs/adr/0008-capability-broker-self-extending-fleet.md
0644	0d73a0800b6a061eb1cdfa7030c2e70382a64c59fa7dc747edf490f9f8afba37	docs/adr/0009-legacy-modernizer-delegation-only-migration-contract.md
0644	d77d06581a4c34789b2a9e5e7818028f89dfbe4bf48b3fda513bc9294109dc4e	docs/adr/0010-loop-single-driver-lock.md
0644	d102f90f11d8b946b7ae1f2ef9ccd9c0f938bacfbca44ba6965634c5b489c3ae	docs/adr/0011-multimodel-memory-layer.md
0644	1ca302d7dfff31833f6806cbcf3ac46b9ee9f8cfd20b308ae2e61b79549bd7b4	docs/adr/0012-canonical-person-key.md
0644	d2e70c367d4432be179ccca8072450319c45981ca33b7147d711ce3b53448d46	docs/adr/0013-interactive-capability-degrade-ladder-for-wiki-bootstrap.md
0644	0381bf632e402678bcd45fbc8a7e7ceb2866288217ff1917ce2a6e2ad3f75333	docs/adr/0014-gemini-hooks-and-session-start-enumerable-options.md
0644	dcbe32969069016159470fcdaa4cd018d1842cee0448365892c59f658845fe14	docs/adr/README.md
0644	35f20125fdde1dbb6ca748d52001c290b098b2c904ab4b553d39d54c5e989c81	docs/loop-engineering.md
0644	cdb3d40bb8ef415ff4955d89eef47cb743a5250ef39f7cd70807ecd19c4c8d31	docs/release-policy.md
0644	45d9e69a3c88cc83a78e7c99255b6bccfa97074f7e9e4d26adcf6c9c25d5f06b	docs/solomon-workflow.md
0644	a12ce2d6b85eca7338b0024ab62bb37bad33ba30572d01f195a64046845fabbe	docs/templates/contracts/design_contract.md
0644	a816e2f31c89877a3e0ccc20296e5eb164b5b44d909f99c64f3ede1c1856c976	docs/templates/contracts/docs_contract.md
0644	a70ba0e4e6c1d352b63e82cd1feac89482326b58f39c31212d6ea870a2d79c36	docs/templates/contracts/flutter_contract.md
0644	37ed7797c0f95929f560705b6257f81cc95c7d5901e3fe236abbdd3af7ce501f	docs/templates/contracts/frontend_contract.md
0644	75c4c10e417808646a5f95f7ea832dc5666a4f2b98de159436a4f192aa64f045	docs/templates/contracts/obs_contract.md
0644	aac8deb954fea2f629882f8100d414233e9a4f83c122529e22afe0e5c5afdc6c	docs/templates/contracts/prd_contract.md
0644	eb1886faef1179b05d1167bb96af3fb44f58e9c73a9b1f14ba7f6b3a14bba1ea	docs/templates/contracts/qa_report_contract.md
0644	7afa39acfbc27661c7840f5e7574f9e569fdaaf27e5303f334a8fb326618a3fd	docs/templates/contracts/security_contract.md
0644	885abfdab1be00925c71ed5995fe39fe8a7af3ae76df2c1d2669138f503cb54b	docs/templates/contracts/seo_contract.md
0644	be57e26fd8255779f059b7ba3ca9d8aada47cbf922fdefaa7ac90d5df9d698e9	docs/templates/contracts/sre_contract.md
0644	f34b10b810d6deecbc8440a4e83547e3260f59fd076ec429c81a647a414532db	docs/wiki/Business-Requirements.md
0644	172f28901365bc5c8d41936ad67b4d16f31120808d37153fb8c56cf849035ace	docs/wiki/Commands-Reference.md
0644	59c794a5c05f11ceca1f14488a359e2619e64fe6944bb3eaa96affb1ca7c3ce6	docs/wiki/Delivered.md
0644	9ec1ad833eee0d80fa5d4acaee6fe6baf4efcdf7cb04eb6bf2ee98112ff0f7e6	docs/wiki/Design-System.md
0644	95a3f403c20c0abbec406af86c7ea7ef94548a73e3a41e0baa22798c47aa9b12	docs/wiki/Development-Workflow.md
0644	41c4f58d6e285e237af6a294d713fded10fea5b5b52ec100362b86a0f9be9ea4	docs/wiki/Features.md
0644	6d65dabe409ae7d392d3b8e1e6bc95e8b08656f2e860fbb3c1abefa13fb247fd	docs/wiki/Home.md
0644	971765e253cfe8aaac8211dd1daf95f1349f39a0ccdf816deb78a39a4b7d27ba	docs/wiki/Quick-Start.md
0644	0a5053ef4f2d6d9287f1d50404cf410c2445801fd996a036cefe968937bb4288	docs/wiki/Release-Notes.md
0644	eb1b9eeacfbf338142d7ae1ad16e4023864137dce259744bef7bcac8e07b608f	docs/wiki/Technical-Documentation.md
0644	356727dac97d47d73a54f5943ccae1c0c2694d40fc9f7fc641539be8afcad1cd	docs/wiki/_Sidebar.md
0644	5baac525cb91ca5e34cc75d2d2f7ed38af6db46d7b5bc4bd80fec55406fac86c	pyproject.toml
0755	6685eddf09d182952f7deeefb517888b4799ba785cbd2e3fbffde76a36cba14b	scripts/bootstrap-agent.sh
0755	33adfb8109861bc838fba421c183ad97405abc453f8932fb58f215e99a72f9c7	scripts/check-adr-unique.py
0644	4d8ae2bfe174f666361ea87eadeac3104d6340f6104a6a6335c5b9950c419323	scripts/check-skill-depth.py
0644	560da6e87713b208d0cba80a0209f99b0681c7a8ef7765133c5f9614bd1d99a5	scripts/document-skills.py
0644	11e716552032e375b02b3a8c609711f7f22f9b9aa52981ccf56f98e5e1007d64	scripts/generate-integrations.py
0755	0189f8acdf0be16228e72f964f75882fc22661b8a5e442026f0581a6ba54aa12	scripts/git-hooks/commit-msg
0755	6a7fa5aa57668d272645d02c4d0c84cb38ebf90471a0d671293a549fd272b08c	scripts/git-hooks/pre-commit
0755	512991dab56e50c22b7f16ed8198b9094fdd5903a662abfafc64d7772a325cb1	scripts/scrum-master.sh
0755	c4b85c3f3333df0826b23dde5caa2823fa2587c628596e9f8d783c675ef6e41c	scripts/setup-git-hooks.sh
0755	f66c0afce9abb0fcc8941eb97430b35882cbc7b65c6b8edd4e3dc1a1e3c40bef	scripts/spawn-agent.sh
0755	e0223c17af115e9617f5fe3d2a1f6e3ea8b5a7fc45179074934eff947d1d36c1	scripts/test-spawn-agent.sh
0644	673c11a62f86548a3eedd97822aa7abcfb3689b3ee77a2783ed9143c72128ff4	scripts/validate-agents.py
0755	d0ac2f8fa75a969eca81dc91a4d7a76562653f759e295bf25777c4301810d197	scripts/validate-templates.py
0755	cec752af5d5b3beb4a4d129255452026f02f948811e59f0711a6226b363d8067	scripts/validate-workflows.py
0755	41d42a474748993fc2511f55bbbce31bc3b8cfce6a0e622567af02a89c6c98af	scripts/wiki-sync.sh
0644	d5d9c04f331d285dcff349846da28b1c0990037dc22389d2338442aae07e1928	skill-sources.json
0644	cf2eed9931748937aa8b91c4e6ee97993f948c174f9daa370c78a066fcd32710	solomon_harness/__init__.py
0644	2c32c34e6cee6c50d332216b561235605ec9848383e8f303a7ae3fe459403621	solomon_harness/__main__.py
0644	db8c76106ed6663bcce1fd1bd6790731a0172e3ddaea92f872452d513ec42d58	solomon_harness/agent_selection.py
0644	1a7a5a6b14a874bcac4b06c72724eb904491116632753b4b3499a47d79b5e05d	solomon_harness/bootstrap.py
0644	6b8706038f98339479bb8cae96e11aa2ee3c26b33c49bc7a408a5f06c4026df4	solomon_harness/capability_router.py
0644	fb226d507d0f25ec9d40747b660f9cf094863d28fafc078f880f35ad27fac413	solomon_harness/cli.py
0644	51d67129f2b87ded815ca80f4a8c1ec2cfd0c053739e774d37dc3190a33049c9	solomon_harness/cockpit_read.py
0644	52cf85f86f414a648fa354f6d86763f8a85278ce35b5be74c5e34f2832e68dbd	solomon_harness/curator.py
0644	4c4746506326ce8962be64319a86e455f554167139bd5be67f645a33fc77326d	solomon_harness/digest.py
0644	8fac3361051eaa01709181f36bfe391533f59ca5186ac18a863790e37e4bb1de	solomon_harness/evals.py
0644	c98831b0f727e7ae22695d2867c31d678e56e7683e84f2f8393e9a23b8a6dd5e	solomon_harness/github.py
0644	817eb0d15852e09d373db0575b8a738d0d49940d07190978dcb739b9d5db2db6	solomon_harness/healthcheck.py
0644	0c326c063a5680b28cc108b3cfd6b8c3aa4e6554dde7321597fab48e9c78acac	solomon_harness/home.py
0644	0ff244f1567cb36e1a0e85004f2ffac8a2d592bb4a8798f7f68d5b52dc64fe2a	solomon_harness/install_global.py
0644	cc1c12ef4dd65bb3c59e15ab3b352210be945029893f63928bd494111ec8b67b	solomon_harness/loop_budget.py
0644	2bcfd177cf60091059ec9a7645e5ceef18b57b41e9adc77cfc4e6c8349bf2425	solomon_harness/loop_lock.py
0644	07a42d6028f741e34e7223d667141f96cd3065a69634ae33ede1255c1c82e653	solomon_harness/loop_log.py
0644	d0df1747fc276d075ffd38133722bc0ee6c31b4511ab87925a3b8203dc3e9977	solomon_harness/loop_policy.py
0644	bf57bda53d386ec8348bd59b439cba3dd29238c60aa9cdfdc68f8bc8acf2465d	solomon_harness/mcp_server.py
0644	ab65b2d028d0e9b8a9341d36313578210991c0c99c5400125d9013ab5a59c8e7	solomon_harness/memory.py
0644	1442630a2c80d450c662adccf8f56791532d6d0766cd727e07328e058b73d9dc	solomon_harness/memory_service.py
0644	a370d5ce9488cd6045bb7f082e6ab8c9c844ec1ffce46b722341ffec60218e05	solomon_harness/notify.py
0644	0c8e347cad25a247ec82d11e0184016c7a68954f40e91616a203f5fd2c10a8b9	solomon_harness/prereqs.py
0644	05ca7add6705a8244b68bb8bf4a73d2b52f8314ff10461709744874c87dda58b	solomon_harness/release.py
0644	d5f34a6d0199685436e054aad96b585bd142fe438d2dd8f3b3ebdec04deddbcd	solomon_harness/skills.py
0644	7f808a0bc8002c65d050f96786605ff76eecb64382787460096b8f7aa63ed1c4	solomon_harness/templates/AGENTS.md.template
0644	ba810bfd4caf996092dc33d62f13a3943eded4391a34b7972e90899fb88834e3	solomon_harness/templates/CLAUDE.md.template
0644	f84214c3f8d5dc398692ffd1501fa5fe71d986ca70cd15caa58c9f347fd6efb5	solomon_harness/templates/KANBAN.md.template
0644	8709dfc7c6a3d9a66942f29e4117ab76e8502b356ebce274f8a0b059d1216233	solomon_harness/templates/harness/.agent/config.json
0644	6ae8afa63a65884470cb2f627cb7b8059351fa72f09679be2908d83c464b631e	solomon_harness/templates/harness/main.py
0644	51a65ea859fde2f7dda3e6a74a9d9f4ae6d62e44dd7b5e7aa4187c02160b749b	solomon_harness/templates/wiki/Business-Requirements.md.template
0644	844f55fbb7a2d3ba065c146b87fcf46e1bff83c13818fe45d0c8ed0e98cf030e	solomon_harness/templates/wiki/Commands-Reference.md.template
0644	dcf532c45618b9f8ec97e32d0984084eec547c3f171d8158deaf76cc5990abc3	solomon_harness/templates/wiki/Design-System.md.template
0644	6cb3105067394704b198899b4cf536f63491a60e181e1eeac2c71e94ed42e420	solomon_harness/templates/wiki/Features.md.template
0644	4349f6b53c7647e7a65d67d53f88af72f3bbddf168f741c5d9320bda50796a22	solomon_harness/templates/wiki/Home.md.template
0644	593d1ba89e99c19833377e82bb8c4424bb02a375a79d783d5d824cee4ac35bed	solomon_harness/templates/wiki/Quick-Start.md.template
0644	abf0e4b8e07d57c8f068a4b5f296211d4850c462ec2c649805feb0e547448ad2	solomon_harness/templates/wiki/Release-Notes.md.template
0644	969cc1ae2982f2b882b0278f23eb2f7483c44d2cc40f002b08d7331a1a0ac36d	solomon_harness/templates/wiki/Release.md.template
0644	8431d1bac9a8f497457502a8ea8057b02c8acc85f0fe0b273878307e486ac49a	solomon_harness/templates/wiki/Technical-Documentation.md.template
0644	356727dac97d47d73a54f5943ccae1c0c2694d40fc9f7fc641539be8afcad1cd	solomon_harness/templates/wiki/_Sidebar.md.template
0644	fad2c25ca236b3469d2ce2e07c703677846f58cd5428042a4c15a347852f8850	solomon_harness/tools/__init__.py
0644	27c7f7ae0bd213f8cef37681d3074254d5309c44323ddbe64134f977afa48dcf	solomon_harness/tools/database_client.py
0644	faa089cfe9b3401c2db694ed4a33a17963572b864dd8eacb16384b989e512b1b	solomon_harness/voice.py
0644	a91717edcb483a51402a32412771fd07b3203239ce913794fab0fc85908b7e10	solomon_harness/wiki_bootstrap.py
0644	31e3452fe37827347d3864795054d4819410d50a2be537c7d046b0578a1456ed	solomon_harness/workflows.py
0644	78604968d17294f2157e755b52a70bdf42d9b558f60b4726871cddbc0d9c426f	solomon_harness/worktree.py
0644	ed45063527cd893736a5390f00a1aa86032d1cc7b30cfc08e13dbc7b8f3f4482	uv.lock
