solomon-harness-legacy-payload-v1	0.11.0-main-e198a9e
0644	b4d89f75dbe0dd29a8c35dafabfdb2e9cf6fc6fa37aec7969e1b4df2ce224afc	.claude/agents/agent_builder.md
0644	87edf13c70b7ffb0accd381fab926e9902e32986ff6f66cbb36a1a69bd39429f	.claude/agents/android.md
0644	ba7ed7f11d956569a04b60cc6052a8f44150a4abe6ddb29c63d1f6dfd222a4b1	.claude/agents/apple.md
0644	052c8ea64e8398c564517837287e3f1aec21b122563af6ed6436a31128cc8e97	.claude/agents/auth_engineer.md
0644	272292a1253d7f2b21dce693db5c0da23cafec63c1f57299c0a01e2ec7c5e4c1	.claude/agents/data_analyst.md
0644	32b83fb464f0df592f6e92bcde6ce5804adfcb104e8fd8013f77c071d20cc1cf	.claude/agents/dba.md
0644	6b1e375e5b8cfb2bcd4f4c38aca84a6bf7450b4564f37484547635fbc18007fa	.claude/agents/documenter.md
0644	4443bccb8e0967068d5a04d04859cf7354db313da98a9d4e1127c0405b9ef46f	.claude/agents/educational_psychologist.md
0644	1cbf4a80e49527119d8220c2a884abb0e2b7b0fe14c20105b71866b664a8abb4	.claude/agents/flutter.md
0644	8ea275c882f3345f90656370830e6072412108266c00f7bdf1a6eb57ed9cf579	.claude/agents/frontend.md
0644	b3f5e600dee34d0b7f5ec406a9a1b58aae576cf9fe7ceb1dc1f3903bc5e7689c	.claude/agents/legacy_modernizer.md
0644	db198af5bb816f6e95b57cbb5bc181f09a9a5753f0c00bd41bd51322790e0425	.claude/agents/long_run_strategist.md
0644	ca60557fb895e1ae556e05dba2d6aa7b4108709aef32795b8d2b0008f1cb180f	.claude/agents/loop_engineer.md
0644	6480f3bf1949379f4738fbd6282402587dc4c6da0144d5afcb87bdaeb411645a	.claude/agents/ml_engineer.md
0644	fd8446b0353921816cb19719e227e13089ab9473778a495f2e292dc80008ef63	.claude/agents/observability.md
0644	7481c3defb94928dc98184e1bb3dcb6a680290ab0e289f830963e548f71a9b4a	.claude/agents/practice_curator.md
0644	1c1ed5eae832bbd29f1e50168507965cf48922717a36ea7e3530d322086d2438	.claude/agents/product_owner.md
0644	5fb5bcfc37585b0b925f6805e770e70e587515b9ef5794d8b2c88fef53ad778b	.claude/agents/qa.md
0644	6d621b3e314154fbfc61794b741081dd6f6b9890feea232586fbb672b6e13423	.claude/agents/quant_trader.md
0644	86e81a46a9a75c7afbc0966b65ffcd4443d4a5150d14c949e0d4461738a2251f	.claude/agents/research_analyst.md
0644	d712f2f42a45ec4d6ea3d0c8c029749707f1d3c915361e3ff87a367b40245716	.claude/agents/scalper.md
0644	30f2a13fd1f8319171f9547662d4cee96138971042a4969af6814b02a83f6450	.claude/agents/scrum_master.md
0644	0c21776c88a50531177bc9eddbd05184a920c4512a7f92a34b3e1e9ac7d913f1	.claude/agents/security.md
0644	3e56677fb3e17c61da4a175070a7238af2a6cd0b9e4bdd1e2b1b95cbf41172a8	.claude/agents/seo.md
0644	10b1fe2b79e2955214089b03692812cad588a37e5fc9f06b49246c6586872928	.claude/agents/software_architect.md
0644	8d3122af72ba2f0fe69ed0feb03a07ca03c347e5bdb602a9f132311e6d195738	.claude/agents/software_engineer.md
0644	681e639af864347de74ce5ab6c58d0ff2f41b741ea5a2229de615ec837d59a89	.claude/agents/sre.md
0644	e8438d4562eff956492ca56164424e44853d5330730a749224811ca9c30823d1	.claude/agents/swing_trader.md
0644	18c5887cca5df0abfc933cadecdca9a0bf25ba7fac9208a41ee1311bd25dc767	.claude/commands/solomon-bug.md
0644	b58313f6be0b9fd275691276ffd89debce073e6fbcdee0941369b3f760963465	.claude/commands/solomon-idea.md
0644	44a02a73f53fbb5362236d409d993827c310dfaf67c03741a7f72d93294b3985	.claude/commands/solomon-issue.md
0644	521fcae7be3785867c08554a344b9a0b630af74c694d40661cdf32a369880102	.claude/commands/solomon-loop.md
0644	3a47f6bd3e86b786f305f59648bc8ce5cc4f6559f5097e71f29caf9205b9fbf8	.claude/commands/solomon-refine.md
0644	f3c67f1942d0fa5dcd817f6c3a1f7f7d7d6e62f589cf023a4ad94e9b40db2aa6	.claude/commands/solomon-release.md
0644	66b1095e3cfa7d230b28421ca277c3d5c154ea243d8b2c5bd8ba7552236c01fe	.claude/commands/solomon-review.md
0644	0b2721a642c099f1df74348fd57e34464ad3ec67b362a5d4fa9c4a7147222f5f	.claude/commands/solomon-scan-arch.md
0644	c9b22bbeb9517fb864f219b6cb45b1388b4df9321c69d16b8e45955374fdfbc8	.claude/commands/solomon-scan-dedup.md
0644	2cc464986f468ceee198f86d3e9a832c901845cf19f712ecc960f1bd61c876f9	.claude/commands/solomon-start.md
0644	f6e9cdd1324f28bdd79575f4c71454f89745f0bd639dfb97bc29c935044cd6ef	.claude/commands/solomon-workflow.md
0644	77ed42bdd66dca7902e69706d9b97f9a489641cdfc8f46ee88fc033452fefe69	.claude/settings.json
0644	092bedb2409fc16792c37cd5509bf68a30059f0d293bf96f01e2d9404fc63312	.gemini/commands/solomon-bug.toml
0644	a75f1adaa42caca6bf4513160831e3186357b7aa36664c32b8c2f895bd3aff8a	.gemini/commands/solomon-idea.toml
0644	393bd2d15e92105bc103eaf17f4bdbea44183adf7200a68f940da1e09cc0d1bd	.gemini/commands/solomon-issue.toml
0644	cf4d23f6f137f59577e60f25be972b4805718e74eb87bd20133dfff0e5022b5d	.gemini/commands/solomon-loop.toml
0644	de1a8942eb3b5083a736f532bc1a54209ddd6806ec29123b98048cdd1089050a	.gemini/commands/solomon-refine.toml
0644	d0ab941f7b120b0cba1d67863de5979ac3074816e1bc2b89248c6051f5bd2142	.gemini/commands/solomon-release.toml
0644	99621d6e6786f39d4e7a506b136543c68b789e1b6c8a39fb92d5e9391a9f02dc	.gemini/commands/solomon-review.toml
0644	101a37aec8c8e0e1dec836168b6549a1cc5d99a12810521278fcf853db89f1fc	.gemini/commands/solomon-scan-arch.toml
0644	bfa93c35cf1c970e300e553a91c4638e643b0357b78d755c89322ef0466400dc	.gemini/commands/solomon-scan-dedup.toml
0644	54debbbf6a03f41dbc5e52034b9f9a0dfceb6aaa80975368b1d1717ff50627bd	.gemini/commands/solomon-start.toml
0644	cb62f519e0fc41b7c99d14fe6bb3381feef05be3bd86f59adf51e512164dd283	.gemini/commands/solomon-workflow.toml
0644	8f1474f126adb9b63a36a5d93ab5ee9aa6d7b2e9570b0bc3aeae4124036cead1	.gemini/settings.json
0644	c6e6af82bf5b89e9d0efc670dac7d611c6f4e0e2e2e51b9ffb2aa1910616e3c5	.github/copilot-instructions.md
0644	bbd0fe047852f01dadcf05bea64645de4dfbd8485073c976b56ba1bb60732713	.mcp.json
0644	4e0a8975d9f5754b0bf8be94955680a23bfb470c241e0837bbf328da3d2bbd84	AGENTS.md
0644	a0c296cc3ec9b0866441d063adbd764527f9607bf3b224c7cfb80293180b28a7	AGY.md
0644	dba66f0505fc9252ff2f7c611b910596f5c31a8805cb2597632b931f1aeaa54c	CLAUDE.md
0644	ae880f1b9aa1b5d188d2b56d680f16c442694f5eadc8399c24f871629065e27e	agents/AGENTS.md
0644	a6b1de3e940936235d42acac101a71569a9ff3bbbb8f31f774622249f63199f0	agents/agent_builder/.agent/config.json
0644	adaaf138bbcb1b8a75e8b223a27846639fdc58a338bff8458cfe8da369504436	agents/agent_builder/agents/agent_builder.md
0644	6ae8afa63a65884470cb2f627cb7b8059351fa72f09679be2908d83c464b631e	agents/agent_builder/main.py
0644	ec2c11484c46f9446074214d81f7600c6e7f2e4806b7f11aee557ebac165df2d	agents/agent_builder/persona.md
0644	e96828610e5b8c7466807686f3873c6994c8f776243cafcb5704d044ac6d4daa	agents/agent_builder/skills/scope_and_mandate.md
0644	298256d7f702702c995562d693c1f5b28a4cc4d10042bcc2eb45f31b239bc37c	agents/android/.agent/config.json
0644	00a1e9e8414f816d2d8fbea381726257a65928b2989a49cc9013daf17d85d805	agents/android/agents/android.md
0644	6ae8afa63a65884470cb2f627cb7b8059351fa72f09679be2908d83c464b631e	agents/android/main.py
0644	a4c0096f7462b47fcfebc242a7d477aaf527bb9eccee0bc46d72af3621ff7f88	agents/android/persona.md
0644	8336ad86e5631af5782ae6fdee41cf61d0cc4913aaccddf784c2fcc866feb11c	agents/android/skills/accessibility_android.md
0644	09866107d344c16b03dd047020965de252d0081b2e2bb3e428b18750cd99cf79	agents/android/skills/architecture_layering.md
0644	852617771a7eeb9bff29fea6940c948dfad7865c4338e6abad85fa199f43ccca	agents/android/skills/build_tooling_and_ci_gates.md
0644	c98f4525c4f0ad68d367479066aef53fbd42568fc1dd408fb69a487e9fa33e4f	agents/android/skills/common_pitfalls.md
0644	7254d550007de02d2a266230243a8035a17453b278625135f8c44fa8b4207e48	agents/android/skills/compose_ui_and_material3.md
0644	83cd670a45df6e5f52264b2ad72cb1c5e53ecc9b3b6eeb71ac4c47fc42721e87	agents/android/skills/coroutines_and_flow.md
0644	a0c24f21054b66f55772bd31bdbc6fbc64773a38da7540c776ba2def8268209d	agents/android/skills/data_and_persistence.md
0644	4bb2864436a605b217aeec1883a202eb9f04beb65138a797c13707b5fe53aef6	agents/android/skills/definition_of_done.md
0644	788920202e215199c233bdc5e2130f921ba888c15cfd710cac76cd7f2c4a97f7	agents/android/skills/mobile_security_stride.md
0644	c4c565da38571f1a76dce61a92464e7b4bbe1915e7b40a2a9acd8e342d66309a	agents/android/skills/navigation_and_deeplinks.md
0644	843753fa3e42fca8d5b6336095bfebdce2853de71dc1a4b00d9be977ba42353d	agents/android/skills/performance_and_baseline_profiles.md
0644	e71e71f2fddd34c0e478adf78b5e36793f1dad20ac986954c665fd35c5c673b0	agents/android/skills/release_and_play_delivery.md
0644	1ca15525a8cb624853ace13f06af4053a770e2755e2c063c7b2543783855b6f5	agents/android/skills/scope_and_non_negotiables.md
0644	d7b28056f231e10d673a8a7c25f812c1b4469ab52fda070e1dd5c2c0cffedc4a	agents/android/skills/testing_strategy.md
0644	c5b87a353a20955e89227bb602a29c60c30d88da29849cac1254f4758d4a963d	agents/apple/.agent/config.json
0644	f30aff8037e93b71756f4c4fc8fe02c0a3070d5986b4c55529a68fee4bd3fd7c	agents/apple/agents/apple.md
0644	6ae8afa63a65884470cb2f627cb7b8059351fa72f09679be2908d83c464b631e	agents/apple/main.py
0644	05fd678058c6bd988f1fe5f7b92d2e50bbee57c8af9fd411dc1a74530d95cfd7	agents/apple/persona.md
0644	8286abe2c6fae7240206e9f0aa2335ca432dd3b32ef5c468fa559ffbac48513c	agents/apple/skills/accessibility_and_hig.md
0644	301b37d2bf3cc8d58c872d688b25a2a7947eb1e9d5e81fc9f49a457e722827fb	agents/apple/skills/app_distribution_and_signing.md
0644	64409a1f05c7b83e675cf16723e43e781c1ecfb45633a95be63ae1c91cfb441a	agents/apple/skills/common_pitfalls.md
0644	a944ac8843677c089f90861f45ae45a321d94534c37436a4932abf288dfd6697	agents/apple/skills/definition_of_done.md
0644	318e416402111be2b5946e26eefcbcac7fedb8b184c42d57b2e80a81e391829a	agents/apple/skills/networking_and_secure_storage.md
0644	0676f606aa47e62f5f5793eee5d623ca129e3d577a150640d41aff3840bdc88a	agents/apple/skills/performance_and_instruments.md
0644	a42952de2622535a120586ccc4a2304ac0a918e6ec0370c156d733d8ed8bf374	agents/apple/skills/privacy_and_app_store_compliance.md
0644	4b33a5011d096edccb5b74a71ceebc32f418467fc1be5143070aad138815fc11	agents/apple/skills/scope_and_non_negotiables.md
0644	cb0d1cc55f97250f3afde5a9e5ac3e0d3db690c4a8608901715c5a7852e79019	agents/apple/skills/swift_concurrency_and_data_race_safety.md
0644	a7551f3f575caeff45ed0932cee8376217b4c7cd272f0ab215eb80bbf3be84be	agents/apple/skills/swiftdata_and_persistence.md
0644	689644bbbb38011d76542ffd1c03022118fbef74ab9cb05fe38b38e7e1ba4d7d	agents/apple/skills/swiftui_state_and_architecture.md
0644	c40e7cc302bcda6f4f5d41a1fd11bc61a83c7a364d391d9de8a728cdf4495fda	agents/apple/skills/testing_strategy.md
0644	29d972d9d1774a75cba745261f89884270c58397e10d0bbf203488d78799e9e0	agents/apple/skills/tooling_and_ci_gates.md
0644	e05ee6707902d2c92fcd1340450a63ca25baa5dd6b374fd2c53560e78659b008	agents/auth_engineer/.agent/config.json
0644	e9b9367c36ab0fe930c333fdf318ec5c19639e4440839f5d5230f9ba9f7bc74b	agents/auth_engineer/agents/auth_engineer.md
0644	6ae8afa63a65884470cb2f627cb7b8059351fa72f09679be2908d83c464b631e	agents/auth_engineer/main.py
0644	68809703ad68a4cd086dda9aa7d55b58efa4d0388e1b3a1effb53790d6d16c38	agents/auth_engineer/persona.md
0644	58f875f8481fa5c3fc267a3c155c28022e5a3ee86abb939b62613b8bdce3f2fb	agents/auth_engineer/skills/mfa_passkeys.md
0644	46ab698d9ab2289a27c4e58d4be7848ff70471a36c5639975173db8861f5209d	agents/auth_engineer/skills/oauth2_oidc.md
0644	30fcb41077cbda2f38bbcc53ad193d410d37b066f25b113589549f344611a612	agents/auth_engineer/skills/opa_rego.md
0644	748664fb0a495a908eb42d642bd9f5bbbc04ce46098d64d06005cd51148807fc	agents/auth_engineer/skills/password_security.md
0644	65c0d33f32bbfd0ba3790fe7242fbb7038f22c1cb93de8ad311ce9c081e96ead	agents/auth_engineer/skills/rbac_abac.md
0644	a2fc429e77b20a863a19369d41c520e3b6c95649cc8d1a6802ec44bf42adc0d6	agents/auth_engineer/skills/session_token_security.md
0644	a2743c132a5bb380ebd9278c5e2866c991615f2a65457b069d6c0a9c5c0c2537	agents/auth_engineer/skills/social_login.md
0644	e2469b4e12af4aa319e6b4c1a47d632258d575f0955b631a299eeabc6ebc8def	agents/auth_engineer/skills/sso_saml.md
0644	44b3761d0da14f17b10c1b66770bbe415a2cae0825898d9ecd5004474bcbfffd	agents/data_analyst/.agent/config.json
0644	27ab6cc24aba8cb06153fd92d8bd1f980a29cfa9b6b9a3d2dcb0ef5053b7f1cc	agents/data_analyst/agents/data_analyst.md
0644	6ae8afa63a65884470cb2f627cb7b8059351fa72f09679be2908d83c464b631e	agents/data_analyst/main.py
0644	11ccf529972baadc1534e8b648daa52ba4d7cdbd938042c395a94857527af5a0	agents/data_analyst/persona.md
0644	968de3a9fe3c39349599fc6b12a80edabe75e413742d54cbcae2fcd45c3a2562	agents/data_analyst/skills/analytics_workflow_and_reproducibility.md
0644	1f9ee351b97bde50164fd0337b493a2433fab171fde70bfca750f168c7654fdf	agents/data_analyst/skills/big_data_processing.md
0644	ad467145695a68219d753b447bbfe274ac8d3183eb3ca96faffa03a79248a771	agents/data_analyst/skills/data_quality_and_validation.md
0644	646612de9c47484d9210e9dacc51b457184a18472c005fb6e365d40325c4624e	agents/data_analyst/skills/data_wrangling.md
0644	4378d0a6a60f4ade0e79fc84a9f68de416fbbbad0d25152f6a1c41477dacef5b	agents/data_analyst/skills/metrics_and_kpi_design.md
0644	159dfc62baba5610cedca07f41e100c05a9f9678b40f40878a8739d3fad3b1c1	agents/data_analyst/skills/reporting_and_visualization.md
0644	4a89677a9c4bab3aeb738c7ae98fdb5f780ed3c3c3ae3e78a1c0ba45121a93be	agents/data_analyst/skills/sql_analytics.md
0644	0b328214ccf3f94fbe7bb5a8e7b5bf27afc1c67ed48c9ee2670c771bde4693c4	agents/dba/.agent/config.json
0644	8a619a7206da9e64fefbf878208d19a01b0d0a4948c4b091c1c9f49a1dbfbf02	agents/dba/agents/dba.md
0644	6ae8afa63a65884470cb2f627cb7b8059351fa72f09679be2908d83c464b631e	agents/dba/main.py
0644	738341bbe46a2de01880a0af089c10db7e380a0ee5f7cc89d6814a3b799c728e	agents/dba/persona.md
0644	b65cff9b038a764a4065bfe16346e9925aa0ddff14c9c110c8902b6d7ba33b80	agents/dba/skills/backup_recovery_and_pitr.md
0644	c131a18eafe7f140e3ce04b115b48037884462ffe60a07835adba8e04b982313	agents/dba/skills/connection_pooling_and_resource_management.md
0644	b78ae79c6d0f1cd07ea532e0f6de4dbf963e91a276990b1e39033f7ac6cab245	agents/dba/skills/data_modeling.md
0644	40c84620644138c10c551632b4fde54d07142ec3243faeca3758dca69622b796	agents/dba/skills/database_administration.md
0644	f9864f2db24da6152747dbafc65320aeedd8d74789dd829275e4c45e7df8d06c	agents/dba/skills/database_migrations.md
0644	9abf0369181a34a61783bc4c88c3bf9fbed98825f6ae9df30da54591c12b351d	agents/dba/skills/database_security_and_access_control.md
0644	a29de441eb65859c8862f5d909b619a73a0ce9d3445dc2721bc78638abc15449	agents/dba/skills/house_databases_surrealdb_and_sqlite.md
0644	07679cfcf2f0ee6dcfd6b246e4b146b248640289831ccdd9a3aaf02d113f69e2	agents/dba/skills/indexing_strategies.md
0644	b7c545837a60342704e58107437c06cbd84ab29669af14a2005d55fbb96b73c0	agents/dba/skills/partitioning_and_sharding.md
0644	0c2e7acba9b033228b9bf90ce133b2c823d044bf8d92fb34dedda33261c04710	agents/dba/skills/performance_tuning.md
0644	f4692ad6518f4f3b8f5069f9eb6c4adc8208ea1113d502df8c3d9e748fc12f4a	agents/dba/skills/replication_and_high_availability.md
0644	3668275b0211e62d54d013a9de37eae304455bfa67b2a460b4f044782527d04e	agents/documenter/.agent/config.json
0644	9499743c8bbcb68f9aa3a7f6f9d2fe38117158358e6dd6b341ce40288f2f9ca0	agents/documenter/agents/documenter.md
0644	6ae8afa63a65884470cb2f627cb7b8059351fa72f09679be2908d83c464b631e	agents/documenter/main.py
0644	615d5ce2c21a5826b49c8c290ba675738f0ebf55765d57312b9da884a9b0a87c	agents/documenter/persona.md
0644	1d67deee0a415c5a4bc90b51331411984ef4bf55e01220ca18bbac80b2bbd6d1	agents/documenter/skills/api_and_developer_documentation.md
0644	5515674ffbb154b4c9c8171d51e36cab76ce5b9505b548c04059f47d82957f7e	agents/documenter/skills/common_pitfalls.md
0644	781850d4d749439b79b806d9dcc50388048b328a0b69a7904431b62716e342a5	agents/documenter/skills/definition_of_done.md
0644	e4c676bbc205a58555421029ecb02cab7c981768a66390d911806827c0ee9b79	agents/documenter/skills/design_documentation_and_architecture_records.md
0644	6f6e4916755d6ae9337f26dab903925e37237a6b47d2296dc902d3265ec4ced7	agents/documenter/skills/documenting_specialist_artifacts_accurately.md
0644	48763935ca2f28f84cbc572c6fe34c6ef2bc67ebc32a9a306a78cf5528090f0c	agents/documenter/skills/maintainability_and_lifecycle.md
0644	709e344931ecdcd54393bac4228a4f9d97cee9d86284a4ae30e87599459ae148	agents/documenter/skills/operating_principles.md
0644	f8569122c05056f3b0b3bdbbfc31d73b90e3440be40e4660b8fcc23dc66cdf82	agents/documenter/skills/operational_docs_runbooks_and_user_guides.md
0644	48c57795b2acbd89d180aa6f5609ddb70475d112bdf6fa04d7ae86721fd301e3	agents/documenter/skills/page_level_standards.md
0644	d34eee22d8e44676eba6a5119e5d9d76f4609f7ff34d24b02eb9c74c4306aa47	agents/documenter/skills/readability_and_style.md
0644	f2366957ccf8e993834c7680947c5518202b972aca01c98700ef5fefb91c5f52	agents/documenter/skills/structure_classify_by_ditaxis.md
0644	a3df727cf9cb9a9e04676566dd60a9ca7ecdd771ca75f30db87b760cc8af06d4	agents/documenter/skills/wiki_design_and_presentation_standards.md
0644	1a4b317b4466ec359aa2181ead1f266481df9f10523e5a7589efc66f07d4bab0	agents/educational_psychologist/.agent/config.json
0644	ce63dfd1c1c5e7e704613b2a2efbc3a1a35985b8371af9ba2b533f0795a5490d	agents/educational_psychologist/agents/educational_psychologist.md
0644	6ae8afa63a65884470cb2f627cb7b8059351fa72f09679be2908d83c464b631e	agents/educational_psychologist/main.py
0644	6d89e42290ef0de06014b7d4bc5c70f1bbefb8d2dcc43e410d68227d5b2083ce	agents/educational_psychologist/persona.md
0644	dc6830c969c218d31342c80d4fb86c1930b0d3cc15381d5fccc4f51d6d11cd30	agents/educational_psychologist/skills/backward_design.md
0644	8a39f29420c6a1d8ab8c7a1a2d5e6b388dc5b231aa446440d90e66a8ac506eff	agents/educational_psychologist/skills/cognitive_load_theory.md
0644	7ba68ed8538b09e6f75dc67025d94dee298816559c54dd92ff4efada3d9d8c41	agents/educational_psychologist/skills/common_pitfalls.md
0644	7ac212d82ff873b1b8d18e74cf26e38d2a0477de7d78f9952cf3604fbbde51a3	agents/educational_psychologist/skills/definition_of_done.md
0644	b6f49bafb793fdb279f4392ace0e3c41f3c115d4bda0feb209fc053116ebb40d	agents/educational_psychologist/skills/distributed_practice.md
0644	89aac687372d9c7f45849c756d4295be144f79ca8436ce65bb6902c1af831c1e	agents/educational_psychologist/skills/dual_coding.md
0644	703c89a9ab40f054dea9a5727f45da06410cd7dcb79aa589166621171e9b6825	agents/educational_psychologist/skills/evidence_based_sourcing.md
0644	7d55e1086317077f05a90b06f7279760fc194987a7feb5ea067ed64a99cf0be1	agents/educational_psychologist/skills/retrieval_practice.md
0644	a4e82ff49dfac66a624abd62f90719107b0c24108c603f4291ff8d51fee9a10c	agents/educational_psychologist/skills/scope_and_non_negotiables.md
0644	9d2e72cd17fb2e578b62425928d580f57fe026a2974c86753fa9ae2e3c08e3a1	agents/flutter/.agent/config.json
0644	b003e54560fe4e94a29f09f20a18c6b792c33fda4cc1a5734012080b05f23327	agents/flutter/agents/flutter.md
0644	6ae8afa63a65884470cb2f627cb7b8059351fa72f09679be2908d83c464b631e	agents/flutter/main.py
0644	9fb0ed9cd046d20965023aecc677466ec1b92c071ff6886ca4cb6e028ea1fee1	agents/flutter/persona.md
0644	80f69b5fe3dfb0e1f2471486b74d3069ac07eed97be0aec256a5262989ec34d4	agents/flutter/skills/clean_architecture_layout.md
0644	0b1a6a6beacfbb1c89c07dd28607aeab46bca144083a3df40f1e688d7b279c91	agents/flutter/skills/common_pitfalls.md
0644	419c5e3f1acf13e39db67fd843e43736ea3b8060ab1daf441d98abb860f00f81	agents/flutter/skills/definition_of_done.md
0644	4cf694d9725f7309bcaf1a43d5721fda97df404218f453af3fc0a90a9198c6d1	agents/flutter/skills/mobile_security_stride_relevant.md
0644	44c8d9bb06a3b6b9d157345891bd50a27b602479ed82e0c4db6e2a11333c8cfe	agents/flutter/skills/navigation.md
0644	91fef9eb3d5556f6ba68c3e7df5e2bfba839a42b87e2c72a3d31d8678d4a018b	agents/flutter/skills/responsive_and_adaptive_ui.md
0644	ff2fbe4f08217bc601159a21bc42941db5e7e56ce6c4ab49b4f0a9ea4aeeb947	agents/flutter/skills/scope_and_non_negotiables.md
0644	a34f39de58a0ae85c501c48e33ad7f8d36583d558b4c7d2a8691787df7bb8287	agents/flutter/skills/state_management.md
0644	eba5dc67724b896ef86c3b129b6458d9af8d0d8b60e35dabf4efb7308ac8f330	agents/flutter/skills/testing_strategy.md
0644	3058dd2a63d81f7bf446f56eff559742a24b850b4ed2299f9926c0207314005e	agents/flutter/skills/tooling_and_ci_gates.md
0644	d492b9a611ee727e214aeccc5e21b4e46a488f2b75f86d3d46699803673bcfbf	agents/flutter/skills/widgets_rendering_and_performance.md
0644	e1287c3fbf3d6f94934ad5b73bad864300db159d707b18573ac414dc5163042a	agents/frontend/.agent/config.json
0644	29b6ab18ba646cdde294b69a72653df264c24ae3fb612691b3f909496282264d	agents/frontend/agents/frontend.md
0644	6ae8afa63a65884470cb2f627cb7b8059351fa72f09679be2908d83c464b631e	agents/frontend/main.py
0644	ec4d0809192366ef2054406668193f9a2c4a13d4850e77e8ea3ef0c3ce50529f	agents/frontend/persona.md
0644	3385f7c442dbe86b506c16e298a3d3997ecaf4a03c99539cf710f10d06c412d1	agents/frontend/skills/accessibility_target_wcag_22_aa.md
0644	0f8b3ac999580d61996fb33f22359b52cdab01836136e309cca56c51fa33bd75	agents/frontend/skills/angular_standards.md
0644	9a1f0dd3837e4fee0051c91af60d3357f7b7732739cda9b95d761d601655c427	agents/frontend/skills/common_pitfalls.md
0644	6e466cd668527014cc08f7330c821f1437cc02fca81b4d51cae632573220ed1b	agents/frontend/skills/definition_of_done.md
0644	c70bc0761ecab6861f14bbb99f3aefd380bd2807eeed20d0cc4658cfa0ea9822	agents/frontend/skills/design_tokens_and_styling.md
0644	2ed755c1d26397b975d08694f68912c1e7d845426a9767705c0bb5cdafca8d54	agents/frontend/skills/performance_target_core_web_vitals_good.md
0644	62922f6f58cc7dc8e3fbf83d74691b73056d516dbf61e20c7ef9b622fa933a10	agents/frontend/skills/react_standards.md
0644	2b5ca77fe17af30739b863b7347c728b10baf9260c989832bddfecb74c548ea6	agents/frontend/skills/scope_and_non_negotiables.md
0644	bf9128122c98f4e05a547a1a9958267cb872edac73fef51c6e2adf8f7ee33b22	agents/frontend/skills/state_management.md
0644	bc5f8e88415f3824fe14ea1d678417c6e7e07674a3c425da6689778b491d7837	agents/frontend/skills/testing_approach.md
0644	87f4ac88f2a71a9a70b5b68005192bfad84cfa19eb39a5e8ca20e1b9039cddb9	agents/legacy_modernizer/.agent/config.json
0644	6feb32470d3c9faf2d29bb0c57dd4c488d14a23eec4a309309a93567673fad9d	agents/legacy_modernizer/agents/legacy_modernizer.md
0644	6ae8afa63a65884470cb2f627cb7b8059351fa72f09679be2908d83c464b631e	agents/legacy_modernizer/main.py
0644	3deb57137293fab02165228373053d9619c967d9f7485d37d6d476611f190294	agents/legacy_modernizer/persona.md
0644	8d216f62c0686f7350a194b0de0a353ce56813fef2cf2b8f34b83c2c90821044	agents/legacy_modernizer/skills/migration_planning.md
0644	50274af27b81a77ef677e3bffc14b6980b8e42a6c818225086770ecf35904480	agents/long_run_strategist/.agent/config.json
0644	033ca678024ef5a3da4f32915781546931b81cfadbdd2cec6e5a668265a171b3	agents/long_run_strategist/agents/long_run_strategist.md
0644	6ae8afa63a65884470cb2f627cb7b8059351fa72f09679be2908d83c464b631e	agents/long_run_strategist/main.py
0644	16b79d2b129e984bd05b663f3267af608747f5eedc2c2794f06bb44acd16bc7f	agents/long_run_strategist/persona.md
0644	9efe046b96464f24020f27c1b6c38c17a1edb60974ba64d8586d85cfc13e2534	agents/long_run_strategist/skills/costs_taxes_and_capacity.md
0644	c54dbd74a5fb388cde4a1813bb0944ac4da501717384ff8b9e70be4ada84d37b	agents/long_run_strategist/skills/factor_models_and_signal_construction.md
0644	b78142b1249b8b2afd810f97cb17d5c38686803220345cc0cb236e6a975bd913	agents/long_run_strategist/skills/long_horizon_backtest_hygiene.md
0644	37755c693e700808acc20e824197581fbd3c9c490197b3de47644f37abd55cf3	agents/long_run_strategist/skills/portfolio_construction_and_allocation.md
0644	b20623ed1b75354679a138eeb9ea0908ed3f568d92dc9153b2f2a3fb3f0f60f9	agents/long_run_strategist/skills/position_sizing_and_risk_budgeting.md
0644	3dd809605dff61332a42fd8db18adde1cc3f2499cb7c8b829fd7abc25829efab	agents/long_run_strategist/skills/rebalancing_and_turnover_control.md
0644	d6a87bbe0fe7a080f3b4020650ba4f753b9b7a7cee573cb9ef137af294d7e5b1	agents/long_run_strategist/skills/scope_and_non_negotiables.md
0644	243c2f99ed7c91d276de0e48bda786fc1aa7c8c8703a6a11a569c951a4a2fd3f	agents/long_run_strategist/skills/strategy_hypothesis_and_validation_handoff.md
0644	423e718c5f388dfa259f3758aebca003c2724522198249812b362c746dd3834b	agents/long_run_strategist/skills/trend_following_and_momentum.md
0644	cd97e43febb6b00af304d3c0df57d9a334fb3e5c61bc92fd3b6d70cfc1d6722b	agents/loop_engineer/.agent/config.json
0644	c33c0b07d9ec62513c8b0583aa7d3baedddd36edba876fd12b9855a31b3972f1	agents/loop_engineer/agents/loop_engineer.md
0644	6ae8afa63a65884470cb2f627cb7b8059351fa72f09679be2908d83c464b631e	agents/loop_engineer/main.py
0644	f739806886229528e4b6d193131e005a0bbcb7a33c82efaba1ba6338c2ba7564	agents/loop_engineer/persona.md
0644	159a4b20b49d971448ebdffe550aa233598bf1b80ddfc66896d0211bc7313981	agents/loop_engineer/skills/autonomy_ladder_and_guardrails.md
0644	0c22f530740476224436e6d5311ed2f4a33cf2f9b42b0adc51352789ad41cc75	agents/loop_engineer/skills/context_reset_discipline.md
0644	3b17f4272c04efdefb8c94ec5cc32bb4da08466643d2985efaf7ebc98c3d8c44	agents/loop_engineer/skills/cost_budgeting.md
0644	81956cc1bccd3bcbd6411b9a58bc048b90df2aafb6e6564490a8aafa0975ae59	agents/loop_engineer/skills/run_log_and_state.md
0644	592e105608654b5fe337f50e73938aa7a59ed8a92505442c27acde9877d1a513	agents/loop_engineer/skills/scope_and_non_negotiables.md
0644	533e9e5e32571872e72d66750866f07cdaa873471e574fd850ebdea8e4fb630d	agents/loop_engineer/skills/single_driver_lock.md
0644	5835f98a4d8dde0fcb6d11b9fb6057b445696be168e4a4e217ad55c8db7dd1bf	agents/ml_engineer/.agent/config.json
0644	682bce80b487df9c29576469c229719b3fb8e1487477d93cdc9b6ecae2b8db6e	agents/ml_engineer/agents/ml_engineer.md
0644	6ae8afa63a65884470cb2f627cb7b8059351fa72f09679be2908d83c464b631e	agents/ml_engineer/main.py
0644	9d56d8ef99e751fe12dd00d749d6962bc584c5dd1bced2708372250beb44daf9	agents/ml_engineer/persona.md
0644	a744c8794f4931158ca2c21c319f44759bfa7343456ef8f55af122d2f6486b2b	agents/ml_engineer/skills/common_pitfalls.md
0644	834d1306be343926494dc982267429994ab80c70f5174858cc54b529e491f4e6	agents/ml_engineer/skills/data_driven_reporting.md
0644	584ba0d21ed908ef69ebeb93003eda44d4785a45d8b3bbaff6ac88f5184d5566	agents/ml_engineer/skills/data_leakage_prevention.md
0644	8b0e2dd844d2ae59e425d85850d60832aeaa22280557b000766683a1d8e624c7	agents/ml_engineer/skills/data_splitting_and_cross_validation.md
0644	05b7c440770887eb88397530d261e6e8743da298132209a65ed107163b9406ae	agents/ml_engineer/skills/deep_learning_engineering.md
0644	bc555bf801c1fd6ce09e090ce7e0283eb3b3dbe07e04a2815652320bb727d386	agents/ml_engineer/skills/deep_reinforcement_learning.md
0644	96fbf73e24531df788f63f2dc0cdd9d330b78658a5fe933bdc4f99160bb8da82	agents/ml_engineer/skills/definition_of_done.md
0644	8d88ff407a5e15a32e3e95a43e19b85eb13baf67e6abd1aad33113507996de50	agents/ml_engineer/skills/didactic_explanations.md
0644	7dd1d911ac679aa22c2e1a14371690aa90e7c963fb821bb18cd4d24a728b4084	agents/ml_engineer/skills/hyperparameters_and_tuning.md
0644	543162c3bb3d1e366850029fabb6c0a4bdf1922079172f3492001bc739db8aea	agents/ml_engineer/skills/model_hypothesis_state_before_training.md
0644	620e896e4a0f49211981b182215264a7a96a4c83541d40383c565442e935b2d9	agents/ml_engineer/skills/reproducibility.md
0644	37c088e380911a8ddde0f7743e2af91bc31d2cb9d18fea36643766f855eee07c	agents/ml_engineer/skills/scope_and_non_negotiables.md
0644	93da8af8fe7fe981a181c45987334be21d838475f2f2ef5a3012d6aaa45a60b5	agents/ml_engineer/skills/statistical_modeling.md
0644	db8dc74aa6cad44967bb25620866657a1af739ca4a6e203e51b0e9ab4b6a7c84	agents/ml_engineer/skills/strategy_spec_intake_and_model_handoff.md
0644	60131ad4435efdf24d6f6ad7ae4fdecfed10f147581fae2c4213e4b731185578	agents/ml_engineer/skills/tensor_shape_and_numerical_safety_checks.md
0644	5d489e99b9c022f417ea2679122e91d3833a62d276dc5db25a9a483029f65f4d	agents/ml_engineer/skills/testing_qa_discipline_applies_here.md
0644	e887478156a02f67548a2f97406b583fc90cdf12ebf7a7a2c3d5acb66ca90e53	agents/observability/.agent/config.json
0644	cb4082ddc1678c4c09f731f448ddd51e83bb894c34fb40d73d6d1e1f5ea1959a	agents/observability/agents/observability.md
0644	6ae8afa63a65884470cb2f627cb7b8059351fa72f09679be2908d83c464b631e	agents/observability/main.py
0644	dbc5ab6cda76fe7c3d37b768f0f631e054105438add25708e31ba60b0d4a73ef	agents/observability/persona.md
0644	e9d050395d9dcb3955ddffbbf606f88c7eff72ee0b674aa7361c4e1c1dcc9a9f	agents/observability/skills/alerting.md
0644	5080b2dd5d4752437d342b4a72fa9247441040ebe3b559ee1d735748264d91da	agents/observability/skills/common_pitfalls.md
0644	1061575c19db0e0c8df317632512e481e03b105f8c4dc5acdce94ce71e83b3a7	agents/observability/skills/definition_of_done.md
0644	fb3d433eb532342619f9a8642507af68ee886100ab96941a67ff6077a310a0ff	agents/observability/skills/distributed_tracing.md
0644	77bbfd7eaba4cd61c15b59eff82b807556c8a5c24b02b8c51d5f2b9dfbc61106	agents/observability/skills/logging.md
0644	095642b4c895286f0368949c5d9d91ccc333134729d070787ee0cdfcfc0a2268	agents/observability/skills/metrics.md
0644	808d1055ac726d0cba9ea2b1e3ca34f5e6e723d28d75b7b811eec1f50c602c11	agents/observability/skills/monitoring_dashboards.md
0644	eb3bb34d93a33fe8524aebb794bda480a74239196d098f711bb6ae027138a3ee	agents/observability/skills/opentelemetry_instrumentation.md
0644	303eb3c6eb2ce2433592ba53de00529a86f092182c0e94809b7cae007c54da6b	agents/observability/skills/operating_principles.md
0644	e560bdb7f8c63726c0affb133c756a23006f768fc2781beb8c37cc6f8064027b	agents/observability/skills/scope_and_non_negotiables.md
0644	a79069bb7364bc70000f013ceb0d0337f0577d134036fcc56a57c73ac6b7a4b4	agents/observability/skills/slis_and_slos.md
0644	bf15955ca9c7f07abd236008b21b01e41ada997d4f5c6cb0abd541dc93e442e6	agents/practice_curator/.agent/config.json
0644	b17f7dfac2672aeb6b796203a565e92b7b0d3521e85c943a871b17056b6a2f50	agents/practice_curator/agents/practice_curator.md
0644	6ae8afa63a65884470cb2f627cb7b8059351fa72f09679be2908d83c464b631e	agents/practice_curator/main.py
0644	b29b9bd23eb2406886b36f720fca744f50b082e7baee76cada175b46049449bf	agents/practice_curator/persona.md
0644	2dd1c1961123d847b2c1ef1f80abf5d2cc26970a234e6d053d6fc3c656960015	agents/practice_curator/skills/auditing_delivered_work.md
0644	cb9dc2d654c4a0691fe2d202d0061db625c9666743c33f39186371fce0349151	agents/practice_curator/skills/benchmarking_across_domains.md
0644	a6deb2bd580d5b7eba82abd4ab831878914d44058a394630493e1563d30a8286	agents/practice_curator/skills/capability_broker.md
0644	97be82146edb8a48740516af564a0a08068553a6ac04203b8d01b057cfaa38c5	agents/practice_curator/skills/scope_and_non_negotiables.md
0644	1cee71c6712a02ebe6304aaea6822f456e27a2516d385597a8b54079dc250ddb	agents/practice_curator/skills/sourcing_the_state_of_the_art.md
0644	d6bfca43b26ee6b5c347a1f883ee3bf0e054be8f1a8733d6949d54d11bc2f02e	agents/product_owner/.agent/config.json
0644	43a80ae5c800b4d90f0a4f8fdf19e10ccde3266507127488f3a6f7fd229707a2	agents/product_owner/agents/product_owner.md
0644	6ae8afa63a65884470cb2f627cb7b8059351fa72f09679be2908d83c464b631e	agents/product_owner/main.py
0644	0e362395ebdd98c9c9220a494d106e006cd82f3520e23bc7c22adb33a547b830	agents/product_owner/persona.md
0644	fa7f7087eb6beaf8287f90371c0c22b7e0de316b1152bcec1d732eefed779ec2	agents/product_owner/skills/acceptance_criteria_given_when_then.md
0644	dd4fa8fa61d8bfe2a747464bb6fef9ef2b602d66f19fb154036f00ec3a3b4432	agents/product_owner/skills/common_pitfalls.md
0644	f5476d0329a5c882985dc93aac5019c39f1b6fa2ced29b21b3ea0c2183d82abb	agents/product_owner/skills/definition_of_done.md
0644	07ac9497ed644f9e1c91b6f5b1b34ecb1931bc4efa81c574e43b35195c4e0b3c	agents/product_owner/skills/delivery_forecasting_and_flow_metrics.md
0644	32bdaf128f2708dfaf366bd62d57212de14651f70619d73e74eac887b4095b4f	agents/product_owner/skills/encoding_other_specialists_requirements_into_acceptance_criteria.md
0644	c82cea4c7ed33f92ac38d5522332e7607e465f8c70c74e8beb67332614912de4	agents/product_owner/skills/prioritization.md
0644	7a2ad18bda01c20c43e69b45d8cf8854b69db5d083fa7f4e524862eb15e4950a	agents/product_owner/skills/product_discovery_and_jtbd.md
0644	85cb1fb3335fc2540855f00524bb343c810c2c66ee23abccf3e31a9da935b288	agents/product_owner/skills/requirements_traceability.md
0644	16a0bcb6f2c76913319d3ec6790b5a4a8f95987fcd8c1026cfdfa0b72105947e	agents/product_owner/skills/roadmapping_and_release_planning.md
0644	345852641f5508964e54988f323c172281ebc9179a626fcadfc3b9919e60843d	agents/product_owner/skills/scope_boundaries.md
0644	2b8152152e000c75929382cfc1f41977437fe27fdfd136d3fab6cd9523700da4	agents/product_owner/skills/socratic_elicitation.md
0644	da54bd3cc99bf500b40fc9dde8cc4a3c9901533b2c5ae7e70f645a2295fa1803	agents/product_owner/skills/the_prd_contract_template.md
0644	4445c77861bca79d2817cca46101c13ac7377b9e9739fd1e089ffe3625c846aa	agents/product_owner/skills/user_stories_invest.md
0644	4586e8ac38b73b40fc3dcc86de1cd179ddf778638c9008c77e86af9a0b05483b	agents/qa/.agent/config.json
0644	ccd488856aa071fe71cb5f36f2173b31a1a15f953dd0a57c1d4b6d5979baf083	agents/qa/agents/qa.md
0644	6ae8afa63a65884470cb2f627cb7b8059351fa72f09679be2908d83c464b631e	agents/qa/main.py
0644	bf00833e6264ab49cbf782bc5712baebd00df788af3b608eed16bda4807ca3f9	agents/qa/persona.md
0644	2b815ac20122475be935397ae95bfb48ffdc74194f4f543e52d35ffcd4015baf	agents/qa/skills/backtesting_verification_specific_because_finance_bugs_are_silent.md
0644	4d7abf46dd0d705be30cbf0f77f4a4cc6754dddb62f7a9130e610c1a9b6fd4fd	agents/qa/skills/ci_quality_gates.md
0644	bebdefbad20abd9a8e245d7d3a4e1b1911b765a8e57740e7a682619e0a3d0a32	agents/qa/skills/common_pitfalls.md
0644	4b477b75d7ab400cc53f7179b8675115c32c0fba4a0cc894d7b08ba997995d3c	agents/qa/skills/coverage_a_floor_not_a_finish_line.md
0644	1fa3e7d7657d4fea31b36e0346e017d8b04df10efb300c9f0629e801388fcf33	agents/qa/skills/defect_triage_and_lifecycle.md
0644	edb9e9f26d2fd1f0a7febc73c9d9c815985d565e0e3d3662d219a00f6df3f53a	agents/qa/skills/definition_of_done.md
0644	e797ac124e8d2aa1b107c3127e0b3e459a7aa784fd1470cc6cc1574e9184aead	agents/qa/skills/flaky_tests.md
0644	69cb81b3b8cd710e873c743d5188e0aefcc488227018e5d124ee506fc25e4fa9	agents/qa/skills/integration_and_e2e_testing.md
0644	2957cc0126b61ee770cce51022e472ba891575d688c8abc43504c07d35d9e859	agents/qa/skills/mocking_and_isolation_mock_all_external_services.md
0644	e3cb478a41cdc294f5c4ea58f72b1ca23514f491f5d5ac2c11694f52679bbe0f	agents/qa/skills/mutation_testing.md
0644	88ca549c83f1acb18346dbd090fedca7b89fb4b47d7ef7e71f4c10bc7a5bc769	agents/qa/skills/qa_report_the_required_output.md
0644	f2b574bff32e76e99e5a9b37bf9171beaaa9e3c023bb77c9205a07df14d80f06	agents/qa/skills/scope_and_non_negotiables.md
0644	f98463037e75fda24ee268984f1d1baa87df815c3fcec97cc946f74cee716444	agents/qa/skills/test_design_rules.md
0644	88ebbe5cdf738d8b259913bde3032c411361c2d5eaf0d88c718e57e138a2dd33	agents/qa/skills/test_planning_and_traceability.md
0644	c054a43ddcb854bb9124579791f44bec2935e71a77ccb097c41d7a86cf9f79cb	agents/qa/skills/the_test_pyramid_target_distribution.md
0644	18764c50893bd0f0eaf3c466bed0cee88199dad56862556af76b7c385f7a354a	agents/qa/skills/uat.md
0644	0694c4bc72b317bdd60bed083abcb52d6b0e563c31ce47f7c0bb20f44f462636	agents/quant_trader/.agent/config.json
0644	ec8701ddabb0637357c4f3841ebf1d1abebe99aefdd9c5e4db654f3715d877d4	agents/quant_trader/agents/quant_trader.md
0644	6ae8afa63a65884470cb2f627cb7b8059351fa72f09679be2908d83c464b631e	agents/quant_trader/main.py
0644	e1a12cca5f71872fdb08ed62cc657b52f5c559cab4047bcac7306869e40e7ec5	agents/quant_trader/persona.md
0644	931cdde415ead65be33b335d68c598d692c0e164e7801466f7e3ee4f438795bf	agents/quant_trader/skills/backtest_pipeline_standards.md
0644	cc71582581863ccd8ce98e569518cd3e6e71cf3de4a75376fd2a7ce24c2fa0e2	agents/quant_trader/skills/common_pitfalls.md
0644	ef574fe662913e4917504191317accbda5b213b1d8a707690c023c3136230177	agents/quant_trader/skills/definition_of_done.md
0644	db3ad5f90ea5af65ddf4389cc71ac7098d8bfb3def01f307935778aa7faa94d2	agents/quant_trader/skills/drl_and_ml_safety_and_robustness.md
0644	5fb55e10fd99b17aad8b10e3c7a37242f8a6862c201e32e121f12d5491d19861	agents/quant_trader/skills/mandatory_model_hypothesis_card.md
0644	c0fdd202d3372755a7e7ea982191e6897455ee9ef8a6f5f42779cad044bf2892	agents/quant_trader/skills/market_regime_robustness.md
0644	af6d38253bd9887a168bc90ea6afa8abee225bc8aecd03e1316828344c8e4312	agents/quant_trader/skills/overfitting_and_data_leakage_prevention.md
0644	cbd826f7342763a11ea87b59dcff33dfa030ae5b9603703ea771a2d9eb7ecc5a	agents/quant_trader/skills/risk_parameter_enforcement.md
0644	03443bced0f28e9b7c326284becc5163b5c7b8e43e97d91cf48911180e55fe3c	agents/quant_trader/skills/scope_and_non_negotiables.md
0644	7f47231c44d2f3abe791f060d359be98c51baaf539b12ff6db85fda5bc9c9908	agents/quant_trader/skills/slippage_and_transaction_costs.md
0644	b0e646e1eb512e1698f2b32852b5eaf1d30789b9f6fe1cd7a95950eb9ed718d0	agents/quant_trader/skills/testing_qa_discipline.md
0644	52dec9cc404188cb386f8d9066b19782b2bf95a8cdb7a01bf7b1dd72b2e94b53	agents/quant_trader/skills/tooling.md
0644	7544f690b5fa2da393f2af1655fd52c54975695a5262acfdfe1b720460942863	agents/research_analyst/.agent/config.json
0644	fe2f257efedf432425ccd42fa02c05cdf420a7995d90f2d4004a6613c48c6cbb	agents/research_analyst/agents/research_analyst.md
0644	6ae8afa63a65884470cb2f627cb7b8059351fa72f09679be2908d83c464b631e	agents/research_analyst/main.py
0644	4cab49d3c26cecb76cc7c7400416a91b336292db5717efc0ffc21e06f4b4cb63	agents/research_analyst/persona.md
0644	aa6cb39a4f091b813a4b786fa5a005bfe7cc0f2930369ede78b1ca1163345038	agents/research_analyst/skills/catalysts_and_scenario_analysis.md
0644	bfc01b6a1f154e9b4c599c9cadda64408a04929bbc106ae2af5e5f4305fba3eb	agents/research_analyst/skills/common_pitfalls.md
0644	b3ccaf2ec38d72c370b17121f1605aaddf22cb2c83825c03ee12ca9e80b65829	agents/research_analyst/skills/definition_of_done.md
0644	62ea2fe9836e7d3fb0929b51ccd5de549276ff407652ca411eb95b8eee356de7	agents/research_analyst/skills/equity_research_note_contract.md
0644	8bd4cafb93c0d202a62617ee5a09ea85af3cbffe178c5eebc0fe2be266598b3c	agents/research_analyst/skills/financial_statement_quality_and_forensics.md
0644	6eff0b956213469f2e46bba9ac31b74042b7e30e19bad823983f6f0d744c8f87	agents/research_analyst/skills/moat_and_qualitative_assessment.md
0644	bf12e7cd05e0d3c86b10f3f3d4ec86183cd19bbd6b4a3d8c0fbcef58fc1f324a	agents/research_analyst/skills/research_sources_playbook.md
0644	56be4bc4c36c27ff08576503ad7462ca40b8385e173d8da4d1e1376636893c45	agents/research_analyst/skills/scope_and_non_negotiables.md
0644	693e55ac8ebacb19c8194ae2a91ab1d29c731e748c9faca3aef364624cced308	agents/research_analyst/skills/valuation_methods.md
0644	0860356a2645ae08970d92633090d858b00302db6ff9dca721f30697db5d4691	agents/scalper/.agent/config.json
0644	e282c52c05c5fd730f427d26a6a7600908f517ee416a27610113aacf2e072c35	agents/scalper/agents/scalper.md
0644	6ae8afa63a65884470cb2f627cb7b8059351fa72f09679be2908d83c464b631e	agents/scalper/main.py
0644	f11c44e1222c540b0f9896522acf86fd4c05a3cc50befbded7881c7d71cdf758	agents/scalper/persona.md
0644	393c7e9d7608c22389db5ed5106b6e9fcb2dd76d0bc90a269c7ffc18ceeaa77a	agents/scalper/skills/execution_and_order_types.md
0644	d19aa67c51a93ea376588392968c481ccb98a47d9dda0228c3c24c92e9a12890	agents/scalper/skills/fees_rebates_and_cost_model.md
0644	b8825bc7d083d762f5dea2c8d32a2bb9d33f75e7e0150405841755f606f04538	agents/scalper/skills/intraday_risk_controls.md
0644	c816cbeb12479eb2dc5a7fd9b3e5509393b704a0103a5784825e17d0f490c5c2	agents/scalper/skills/latency_and_infrastructure_budgets.md
0644	ffba54176187f0ec6ee8f2132cdd99ae13b4352847cef8a0d2e93d9411849aa6	agents/scalper/skills/market_microstructure.md
0644	6179d1189231c82c5a1b8b76920e98b4dad7e69c8f7c7050f8c0482a0c7cbcb4	agents/scalper/skills/order_flow_signals.md
0644	765b700ad858ed873bbeacffacebad3bf5d871717f960e8bcbeac6255729e61a	agents/scalper/skills/scope_and_non_negotiables.md
0644	18def3e600ca2023af5cba7ccc5499743e74d9286521505c5f0cb16814dc1c70	agents/scalper/skills/spread_capture_and_market_making_basics.md
0644	496a990aa74a10e3994a17a3bbc42c077c32fa9d8a18e386016a9b275af9dc80	agents/scalper/skills/strategy_hypothesis_and_validation_handoff.md
0644	c2d2c3b6e2041865c772e05b481c60d80bc6c68e7c1f600cd46713f1f2729ffb	agents/scalper/skills/tick_data_backtesting.md
0644	ff27f716b4e9d0a0b69aa1036a5ea4fac126a54c617dfb03f533a45ed02a492f	agents/scrum_master/.agent/config.json
0644	5db36b6b274aa85bfa52fd2fa269e910921532ba32c65de14e7b784eb2931b51	agents/scrum_master/agents/scrum_master.md
0644	6ae8afa63a65884470cb2f627cb7b8059351fa72f09679be2908d83c464b631e	agents/scrum_master/main.py
0644	6f9abf07655e5277215727b326a5241301da61a7a0e4cb8664b3f7f69d035aa1	agents/scrum_master/persona.md
0644	adb98616f701ba34905e8bd83410a9dc774462b68591f6ce5994c88fca0e7d7c	agents/scrum_master/skills/backlog_management.md
0644	26be0660e046920d7169fc351b9f80f71574271b54fbce6e57e2bb755cedda0c	agents/scrum_master/skills/common_pitfalls.md
0644	40608b1c6bc299a8746edca3e0db9a55b3beaeaaaf5b3b6ecda9e26400c16b89	agents/scrum_master/skills/conventional_commits.md
0644	569edcbf30f5624b20351eb81072d757d434cbbdf7714e07493b975defa05d8d	agents/scrum_master/skills/definition_of_done.md
0644	670971d23c27b4434052aacbcc4936342904fccb5160cc23c15e341ffd5b6a1a	agents/scrum_master/skills/dependency_and_risk_management.md
0644	8d7be1be3530e34018f622004e57067a0741ff0401939ac97f579153a6064946	agents/scrum_master/skills/flow_metrics_and_forecasting.md
0644	7886488f0e3e15dbdc82d12d6a6cd9ed57616c9ae63bbea45b28b84303d562b3	agents/scrum_master/skills/git_flow_branches.md
0644	f8bc8a53ed6ec71404bed1d1d1d94ab510f724785e705b765572d11bcb319c60	agents/scrum_master/skills/handoff_and_memory_orchestration.md
0644	df8f02a6dfeb6ba4f54570f7e8a80971b56d2da7058b95ebe5b46993c2863f24	agents/scrum_master/skills/milestones.md
0644	257cfad90ef33efa2f6622a3b3f986010aa24cc1b3a867ba74ae717dc05e2097	agents/scrum_master/skills/quality_gates_you_enforce_across_specialists.md
0644	689e05e1e5685bb24309934e434be8b8fdd172034c22a5d00071d44cb7e29cc3	agents/scrum_master/skills/sprint_planning.md
0644	d5814cf1883fb7b10f13fa6d644fc94da1cfeb6d35fe1779e976c8c18cf211a4	agents/scrum_master/skills/tooling_scrum_master_script.md
0644	7466f436d0673a87fa6d1fbd5ea20d377c6bccdac7d5a39c5611318876f8a24f	agents/security/.agent/config.json
0644	fa8b79e11c479a0fed967dac88d19ffb5235ff50dfe6a350e0ae6ecd37f1c1a9	agents/security/agents/security.md
0644	6ae8afa63a65884470cb2f627cb7b8059351fa72f09679be2908d83c464b631e	agents/security/main.py
0644	fbc8ff610937b8322bb59f48f523fd0388e2037f93a731fd1f6159848037c6c8	agents/security/persona.md
0644	5a9c6dc4f030856475a464625303338ea69ca86fd9fd39697adb906c3c852827	agents/security/skills/common_pitfalls.md
0644	59493034bd350b88b37a6a8301819cf3779c52deebdaae64001d71814f7d68ac	agents/security/skills/definition_of_done.md
0644	b29944bb8ad2ad00e5f94141aed140048cb618066136a6c26b9fce51bad9974a	agents/security/skills/dependency_and_supply_chain_security.md
0644	7baea80a93851d24a7fcb9a02d19ed208101f397b7761a626f64ad186e3790c7	agents/security/skills/sast.md
0644	cd54bc8a25659bc3dbf56e0028f857ecc16d8060fc5fb22626d43a719c3eba70	agents/security/skills/scope_and_non_negotiables.md
0644	4271c922dbd877bee1fc1da2dfb9c789f412f230a02fb8a17ebd72b900871d82	agents/security/skills/secrets_handling.md
0644	c07f048ffb46bcd399ba91c9d165b4ed887bbcae122e4dcd5329ca5118694a0d	agents/security/skills/secure_python_development.md
0644	1fa49cf8e5272a9a736c23657507bf122dc8fa6fec6f54aa8f7065e8cdd00b2a	agents/security/skills/threat_modeling_with_stride.md
0644	ebdf46315f0b3bb5c77153ff538543b4425025ee617f73bfff30937e76151e75	agents/security/skills/vulnerability_mitigation_and_remediation_slas.md
0644	422aa7a5a85663569b99c140a0210f550da6fd2d3de67ba15b1a388c53220b5e	agents/seo/.agent/config.json
0644	244b598f943b87767d8708a243cdc82aacf95a97ee7ae9448481a20e8dd735bc	agents/seo/agents/seo.md
0644	6ae8afa63a65884470cb2f627cb7b8059351fa72f09679be2908d83c464b631e	agents/seo/main.py
0644	246a00590184b98228ce9b6767dd0d116a90d3cfcd05b0845128432912b51f59	agents/seo/persona.md
0644	90bb24965d6b23030914a65c3dcef8bc40e870f88302a9a7b4f1a5ac197a46a9	agents/seo/skills/common_pitfalls.md
0644	7f0c52d22e9ee94d9bd741f5351beab658a398051c468d78cb4007ce1c575d40	agents/seo/skills/definition_of_done.md
0644	f6417dc36304bcd3f8256f54f1a8a7226ff5ee62a3c9a8b5778d3314fe7ab49b	agents/seo/skills/indexing_and_crawling.md
0644	670bc7daa1239a707ffb2b7b640a0dbf4cdd537dda11e8f8bb654e4970a91211	agents/seo/skills/metadata.md
0644	6f8596fa79ad906416495ddd471e16cbe98033b1dab92673d4d141fe4c526030	agents/seo/skills/page_speed_and_core_web_vitals.md
0644	1eb2ce44b25722705cdb1e224cca58e02eb22c8f64cf146b0fc49f1fc71c41de	agents/seo/skills/scope_and_non_negotiables.md
0644	5a1625c6304f34eb72900d64700287fa10aadcedabb83630b4a7bc15e649f372	agents/seo/skills/semantic_html_hierarchy.md
0644	1c6027465741ab08824e63a9fade062113724df0c5765795617dd76a1b8db667	agents/seo/skills/structured_data.md
0644	bd2a6f6beaa50da525996495b27cc779fba59b2678cbf826524a028f092c90d3	agents/seo/skills/technical_seo_audit.md
0644	890e7969959da355fc98c17cb81d620bd21fc7171d33c3b8d8554073f84572d2	agents/software_architect/.agent/config.json
0644	afd1405507b1ff70fab826f7c37c70dca2902507c2f4a3e7bb6a603f5cbe0fac	agents/software_architect/agents/software_architect.md
0644	6ae8afa63a65884470cb2f627cb7b8059351fa72f09679be2908d83c464b631e	agents/software_architect/main.py
0644	196c19bb3e1a1ff7b91ec910fe93afd8dbda8c4c1df6385002d45e8cd542327e	agents/software_architect/persona.md
0644	1da0aad98d688f81957e2affc3c2e643b6bdd827837f2351a6f95eec72a1d4e5	agents/software_architect/skills/architectural_decision_records.md
0644	217fa64dafd73acf9fd1cd621e166ad2fd6e86e4a3196d6ce9cf3786aec73185	agents/software_architect/skills/architecture_decisions_in_project_memory.md
0644	8efa8c22733f659b47b3b74c99c15d483b1ea37576a8b66658c8c84d27c62010	agents/software_architect/skills/architecture_review_gate.md
0644	a16e6f8ff320fc7b8b9f24085a23f68cb512a3d60c1880053e7927857511238a	agents/software_architect/skills/architecture_scan_loop.md
0644	d26ebb39bdd9ca294016c45c8bec8a7931f7512f00ae4c2f77da16cebec69006	agents/software_architect/skills/architecture_styles.md
0644	f40a3e9c7b3cce72c786585c37ddd0f06e7a3330c3d1bb76bf3593e7f50d714f	agents/software_architect/skills/c4_model_diagrams.md
0644	44dc89958dabb6a4f743f3bb70c7c207853d3c72865de4951268a66eecd2ffa2	agents/software_architect/skills/definition_of_done.md
0644	106ace5fe69070857ed072ae2eee24f0acfbd5168e3bf11c063eb30a5276be36	agents/software_architect/skills/design_contracts_as_component_boundaries.md
0644	6be40e8d2d5fc156e95d774c2cb7014313f3d6af60178fb6248b215156584526	agents/software_architect/skills/evolutionary_architecture_fitness_functions.md
0644	2148d5d7c70e7f4657502aa30275bb5c40af7a06d1f8ee37054405a94b548ce4	agents/software_architect/skills/incremental_migration_and_delivery.md
0644	9ab3a712629b52be36c3884b7721296f9b2f6ad73bd29bd50eca5bffac95b221	agents/software_architect/skills/mandatory_project_competencies_to_honor_in_any_design.md
0644	c523c820e2d16612dce2405694c4a6c6639290ed62a06cefbb0d51380cad8898	agents/software_architect/skills/non_functional_requirements.md
0644	c4e737c4182746bc0e7a5be5f3d02914d154b3f1d984fd2da4d37e10e899cab4	agents/software_architect/skills/resilience_patterns.md
0644	e9c4514a9437e87e3450fd63d78b5e1f11fa46d4928e50fc8df3e507f7ad24b1	agents/software_architect/skills/rest_api_design.md
0644	ab4d715cdbe55f0fad2b39981afdf1a50b776193323860f5cb11782af971a335	agents/software_architect/skills/solid_and_structural_discipline.md
0644	f438a94a693ceb69a62ed62d48a70cdde799f255980786f0499875c74e67e7d0	agents/software_architect/skills/twelve_factor_app.md
0644	2d706eea4f1511370c86b20d82c24112e5038f03191db6ab611c2f1ee8581606	agents/software_architect/skills/when_this_skill_applies.md
0644	d035a9fc2048535216585b158c58c3bcaf7102589d9866aee9976bb3a1394cbb	agents/software_engineer/.agent/config.json
0644	a31ca95f318c6f94263d7c5339de29e6ed2641e6fd368276b6ec43c2fa7678c9	agents/software_engineer/agents/software_engineer.md
0644	6ae8afa63a65884470cb2f627cb7b8059351fa72f09679be2908d83c464b631e	agents/software_engineer/main.py
0644	b556379634540bd55bed970cc23b985d4eb7076b2578a4ba2d789d3704778fec	agents/software_engineer/persona.md
0644	117a066a0fa925155bbb744a8071920cfe0a62abfe98698a57a9fad85930bbef	agents/software_engineer/skills/clean_code.md
0644	d5074c019f410cbe3304db9fc26aee17e96f9f1644db9fd6e9433a5cc1fb8007	agents/software_engineer/skills/common_pitfalls.md
0644	318d2bb9fbd88df86de582b18f284774fdc2c17760194512a483fefea9703f8b	agents/software_engineer/skills/debugging_method.md
0644	b4bdfb1dbe429f71b66daa190bbc1fc0b5c9fa84f28bf099348dd6ee02352dc1	agents/software_engineer/skills/definition_of_done.md
0644	e2b0d5abd738a9924240de1c00ee2c1b378510e7cf65157f9cb7a386394a942b	agents/software_engineer/skills/duplication_scan_loop.md
0644	3a1fd2135879ded80e9b740e00cf2356c322d76dd348b78a86b93e636903c7f8	agents/software_engineer/skills/error_handling_and_problem_details.md
0644	89e2ba91e037a36e71b3039ea7036ffca3103b7b705a320ecd40453bef017458	agents/software_engineer/skills/git_flow_and_conventional_commits.md
0644	183ec927b6dd8b84a321dd1f3d6df3565c96f2aa2f294620d12e57a6251db4df	agents/software_engineer/skills/harness_memory_and_handoff.md
0644	a1b399971aaa3143edce4912bb1ca0f78cc0e5f72f1c8ef7080062bd5035bf35	agents/software_engineer/skills/hexagonal_architecture_ports_and_adapters.md
0644	56b288b5cc9b3977a694255d8edd12fc49e21cb0efdc0ca72860ee821cc64703	agents/software_engineer/skills/plan_authoring.md
0644	49650cecb960744e9e24d5ca8660332e3a6769e2787024025ddb8b567f4921da	agents/software_engineer/skills/resilience_patterns_in_code.md
0644	b220aef1bdc18cfb039fa3f26e8362f9f1640bf70fbc7d9884bfb5584c53ec89	agents/software_engineer/skills/rest_api_implementation.md
0644	3ab726967f9981f4127ba3e56bb10b604bc434b315649c8c818198dd2084f365	agents/software_engineer/skills/robust_defensive_code.md
0644	6c7ee3ec63c9676957e542d5a43688a23f2542f682e26b2143b4a47c8ff9ff86	agents/software_engineer/skills/scope_and_non_negotiables.md
0644	02c66be2160d5741d323479db38ee101c15bab95aa9a5751b0bceffee1ac3581	agents/software_engineer/skills/security_stride_during_design.md
0644	aacc612cf41f2d75e146bf09c0d4912cddda3836542bd07cc5da4753ff13a0f1	agents/software_engineer/skills/solid_applied_in_python.md
0644	bfc38871f165775c7943201fb2036b4692616bf6b6e90c165ed1e5317e6f7407	agents/software_engineer/skills/tdd_red_green_refactor.md
0644	0796a02ae7555da866f43641509860c4007147957068e0a7fb247c1a01fd8b5f	agents/software_engineer/skills/test_pyramid_and_mutation_testing.md
0644	b20bacc6000a89f9f1a2d2f89ac5f9ac038eb77aeb42606abb3c7f3226109801	agents/sre/.agent/config.json
0644	efd4ffbca8626db449823c24ca0dcc09f5c05626431eea27a479da57a33dafc5	agents/sre/agents/sre.md
0644	6ae8afa63a65884470cb2f627cb7b8059351fa72f09679be2908d83c464b631e	agents/sre/main.py
0644	943f6a30428815e3c835250eefe30a8c70da75dd815091ceca3ac2601c6a2216	agents/sre/persona.md
0644	35e03a599ab5fd2061683a6f23319c328603a81cecefaca67f9be20c813861cc	agents/sre/skills/definition_of_done.md
0644	7d579865b474ce55d11ab883add18fe6fcb1d153ffb7df8a7c5c2f7b002ab554	agents/sre/skills/disaster_recovery.md
0644	04f74c81d5578d15ae7dd8585decbc050bf19c5827036433e57330211bcb269e	agents/sre/skills/dora_metrics_and_change_management.md
0644	5e34d04e4479fd37de2b1c63e3ebba9e8ceb1f4f0754221a2b92e6c8b15f22a6	agents/sre/skills/high_availability.md
0644	d42eef54534fd27a414c781961864b2d67c8c0c7fa517b15074c523b643d07cc	agents/sre/skills/incident_response_and_runbooks.md
0644	940ac5e4ed07fbd113ae6cf803748d354df57a65e29d5643a9a39dd73292ef79	agents/sre/skills/infrastructure_and_deployment_pipelines.md
0644	4d906e2436a30b1fbc83e4f093479882cad24ac2b3f3563765d7fe0eda680a97	agents/sre/skills/kubernetes_operations.md
0644	57615464a86530c076b1f6c8343047b8fe7e6b8f7790e39dff7467cd7e0af726	agents/sre/skills/load_and_resilience_testing.md
0644	db9d6e215d211170a700e0e956181fa323b32a9487e306a6b07c9226fe947686	agents/sre/skills/mandatory_competencies_carried_into_sre_work.md
0644	e0138ee746a83b025339a05b37e817da39aba9dae6193f99292bee018aec4b92	agents/sre/skills/production_readiness_review.md
0644	f79fe63be174f733173f82b87109b66a9dc860d6c05c72f3ad16f2d1acb6bc6a	agents/sre/skills/release_engineering_and_progressive_delivery.md
0644	9032a57c047885d24f94b922b89f6ccdb1b05580a3b8a790fd81ce74a49b130d	agents/sre/skills/reliability_targets_sli_slo_sla_error_budgets.md
0644	9d38c42a37d1f0d454e885f1849b0bd046b1b4c142342b34f5ca5ec847abb54d	agents/sre/skills/resilience_and_load_shedding.md
0644	d52ddd0aee896e34b01fe18763f18aab3f4698b50d95e9e2754ca1adc3af507c	agents/sre/skills/tag_release_and_changelog.md
0644	8c1ca30e463882c893442167d66666f7c0b0cd29d7e7779ec41215e1359b2227	agents/sre/skills/twelve_factor_app.md
0644	6e33273a82fe4c110883d33d9a34d49e4eb3292c99f9d16bfc5bc46eb1085c73	agents/swing_trader/.agent/config.json
0644	1a3393a5ccf6108255193486f44bf09bc78496c0c91e6733dc77cd94746fa478	agents/swing_trader/agents/swing_trader.md
0644	6ae8afa63a65884470cb2f627cb7b8059351fa72f09679be2908d83c464b631e	agents/swing_trader/main.py
0644	a6db4c712915f00bcc2a6ac17d4af38c3b003024dc13169e1735b07ccd83ccb0	agents/swing_trader/persona.md
0644	1e189f2648264df28a201fd1dceae8f5d16d4f548a61c465020ff56c0eb66720	agents/swing_trader/skills/bar_data_backtesting_hygiene.md
0644	8a34e1e23383505d8a9ff3a33df754baa3f7032dc8b14957a3a6e118267af3a5	agents/swing_trader/skills/daytrade_setups_and_session_structure.md
0644	5b94759d058383d2dafbbcc8393871d80a0ce616073514897b3e8e37da38d2e6	agents/swing_trader/skills/entry_exit_and_trade_management.md
0644	8d6b4da17dd3562a925dd9c565d627de9e572603362d6b5575c0237444b88ba1	agents/swing_trader/skills/overnight_gap_and_event_risk.md
0644	868f7c67b0099188ebdb71ede711a8fd0c3d40dc697606d71e9bfdd17312cd3f	agents/swing_trader/skills/position_sizing_and_risk_limits.md
0644	215d2e665a5939d595708010f0993b4f2b95456799c7d37da83a2d34d706d359	agents/swing_trader/skills/scope_and_non_negotiables.md
0644	2c45c6b257a759fbf07c0684c1f714bbaa6727c6fe52243b59830ddc5d2f9ffe	agents/swing_trader/skills/strategy_hypothesis_and_validation_handoff.md
0644	7dbfe4a613a240421501c4b312466a409f85bf708cabf94a8d168496caa1e043	agents/swing_trader/skills/strategy_spec_for_implementation.md
0644	3b223fbb2dc8ffa976c2c127cb923ca9d1ee9f7ffda9a9ac99d5f9aebccd7c91	agents/swing_trader/skills/swing_setups_and_multi_day_holds.md
0644	5baac525cb91ca5e34cc75d2d2f7ed38af6db46d7b5bc4bd80fec55406fac86c	pyproject.toml
0755	6685eddf09d182952f7deeefb517888b4799ba785cbd2e3fbffde76a36cba14b	scripts/bootstrap-agent.sh
0644	763e86f8cea537b04b6e0283e46d7ce70a7fbb63b6a73f305a8eb32babeb1eea	scripts/check-adr-gate.py
0755	e50327fb8f4267388a5a51d4d0670bb1eef214a97c43859de254145082475e75	scripts/check-adr-unique.py
0644	99284f49b9478e7c98b6965bca1af292ee485041be09c27a8d4d76a21a57aea7	scripts/check-skill-depth.py
0644	af33658d52c7d2c1184811b25d85d8fe619fde501186b51e74c7fd25a244765d	scripts/document-skills.py
0644	8c8a818363bf4306b5cb52180920ff3d0a45bb49157b9f05b83f958cf29c71b5	scripts/generate-integrations.py
0755	0189f8acdf0be16228e72f964f75882fc22661b8a5e442026f0581a6ba54aa12	scripts/git-hooks/commit-msg
0755	0721a5d6b5d9386b8780843816d4b35f0465c5cde3b8d6db4aafd0e3345b3f17	scripts/git-hooks/pre-commit
0755	512991dab56e50c22b7f16ed8198b9094fdd5903a662abfafc64d7772a325cb1	scripts/scrum-master.sh
0755	c4b85c3f3333df0826b23dde5caa2823fa2587c628596e9f8d783c675ef6e41c	scripts/setup-git-hooks.sh
0755	f66c0afce9abb0fcc8941eb97430b35882cbc7b65c6b8edd4e3dc1a1e3c40bef	scripts/spawn-agent.sh
0644	ff5413e9224ff8272ec0c51266751c0e09b033fb9dc8bbdbcdcff34e6cd7760b	scripts/spec-lint.py
0755	1582aa7d301f670fce2cacc284881c0fb460bbace3c4fceb2c240f6905557233	scripts/test-git-hooks.sh
0755	e0223c17af115e9617f5fe3d2a1f6e3ea8b5a7fc45179074934eff947d1d36c1	scripts/test-spawn-agent.sh
0644	183eb3dbde75c9d91ae3eeb42880296ba6984d4dca7b477e9d227e2d03cc6f6f	scripts/validate-agents.py
0755	d0ac2f8fa75a969eca81dc91a4d7a76562653f759e295bf25777c4301810d197	scripts/validate-templates.py
0755	cec752af5d5b3beb4a4d129255452026f02f948811e59f0711a6226b363d8067	scripts/validate-workflows.py
0755	41d42a474748993fc2511f55bbbce31bc3b8cfce6a0e622567af02a89c6c98af	scripts/wiki-sync.sh
0644	d5d9c04f331d285dcff349846da28b1c0990037dc22389d2338442aae07e1928	skill-sources.json
0644	cf2eed9931748937aa8b91c4e6ee97993f948c174f9daa370c78a066fcd32710	solomon_harness/__init__.py
0644	2c32c34e6cee6c50d332216b561235605ec9848383e8f303a7ae3fe459403621	solomon_harness/__main__.py
0644	4a60438db1ea4251628d33746685ba11ffa90a83f45dfd5f268b15a7fec64c9e	solomon_harness/agent_builder.py
0644	6456fc3c06984b23b3f62c4ff293a6112678e405f0227076f3a52de561257afa	solomon_harness/agent_selection.py
0644	dc98a7a5dd049e4d60f7e637f3ec24374e5d415f4aabe37de4d32242a6a6a763	solomon_harness/bootstrap.py
0644	2ca830fc4f8cc4de76bf25e87884f37689572282393126490a35066fdbb0f461	solomon_harness/broker_cli.py
0644	6b8706038f98339479bb8cae96e11aa2ee3c26b33c49bc7a408a5f06c4026df4	solomon_harness/capability_router.py
0644	43575ba45849a371a569e106d7708fc77a4bccfe8935f3229880ac1ee8713942	solomon_harness/claim.py
0644	03c9204cfa2fc7637432ee8d5b5e1d15e86d928342a8e6896ae004e2a29f0ff1	solomon_harness/cli.py
0644	88ba002c9a9bd275ab4a6a853b11013fc72b2c786a7d63c88db47d6ce701afe0	solomon_harness/cockpit_read.py
0644	dc5de2e40445d10916e54a14259006b780630190ae268821e8cdc4c91fa61114	solomon_harness/curator.py
0644	3a0f14da5d7742e9866f93a474185c4d02b4b493802ce138700a8b8487a6cec1	solomon_harness/dates.py
0644	9e05709565ad8e6ac1b8c466d39aaba03c9c642abd8b868224218f1a10d98a2a	solomon_harness/digest.py
0644	9e5123cfcd60f41e83289ca0fc3e20ec99fe2e85a4e017fbab31e44ec9aefca6	solomon_harness/evals.py
0644	66291e59133b8eaf04091b1a17bc41e8bbf74dd5f15d1bde856f7c84072790d7	solomon_harness/frontmatter.py
0644	d6948e6cef79920cbdcee6c32f0fdcb8a8e0167659cc9279009342d2e2b6928a	solomon_harness/github.py
0644	789e849ae10c1e01325f578d3c3e05f16a5c7d7eaafd1dcd614ac5c490dd66e4	solomon_harness/healthcheck.py
0644	d293db6d69379edb961300e2c354cb73b95898a61c85fcd910a179b384ffab27	solomon_harness/home.py
0644	d7105539ac44367ae96a265b6cb5a19279067f47107dd5ab717768b47fd7946a	solomon_harness/install_global.py
0644	a75eec791595928c6c709a7279586c7275fcf792a8181bdb1cca3e51cdb3f349	solomon_harness/loop_budget.py
0644	b42633d1316fb483c695cfbbb00f600e2b47a5f86a1eea9ff97cffe1b8784204	solomon_harness/loop_lock.py
0644	07a42d6028f741e34e7223d667141f96cd3065a69634ae33ede1255c1c82e653	solomon_harness/loop_log.py
0644	477adb20b180f77cbc0dd32a37b25765fa4b3f149618cc25a1db9690f35867a6	solomon_harness/loop_policy.py
0644	780108366842df21d9e82f7c0b7b4ca8b009bd6e05a4bd4acf096d72c34e3f4c	solomon_harness/mcp_server.py
0644	39f4d9e9dcb5664e8acc4bf348abf865126dc0eb7d40b33b2eeb5108b1c2355f	solomon_harness/memory.py
0644	246daa60b054ddc72cfeaa21b8a61b2b7196a26c31c04c7cbc24a53dbbe51be5	solomon_harness/memory_service.py
0644	83d081913be90becc89b22a8f7678720d1f7530f1bf6d4a167846e6c11aa05fd	solomon_harness/notify.py
0644	0c8e347cad25a247ec82d11e0184016c7a68954f40e91616a203f5fd2c10a8b9	solomon_harness/prereqs.py
0644	661f6dc426607d00c0ac55983423a706f82ee10d5725d7344dd6bcb9882175f8	solomon_harness/release.py
0644	d6aae1269198b03d912abc4a2749835788760d9c6b10476dda4d4ca3608fcc77	solomon_harness/review_roster.py
0644	d5f34a6d0199685436e054aad96b585bd142fe438d2dd8f3b3ebdec04deddbcd	solomon_harness/skills.py
0644	6a155381b5e33e756c5c0c98fc69436a83af9b3cc233551c8555bc3e957e33de	solomon_harness/subprocess_env.py
0644	6d50aa826f133fd9dd29fed5cc322cfc1d8e026ee2215b8395103f81730cab67	solomon_harness/templates/AGENTS.md.template
0644	2071dfae19be96cc0e1415b4bc61679288dc31e96154166d5fe42fc0715b4a58	solomon_harness/templates/CLAUDE.md.template
0644	f84214c3f8d5dc398692ffd1501fa5fe71d986ca70cd15caa58c9f347fd6efb5	solomon_harness/templates/KANBAN.md.template
0644	8709dfc7c6a3d9a66942f29e4117ab76e8502b356ebce274f8a0b059d1216233	solomon_harness/templates/harness/.agent/config.json
0644	6ae8afa63a65884470cb2f627cb7b8059351fa72f09679be2908d83c464b631e	solomon_harness/templates/harness/main.py
0644	51a65ea859fde2f7dda3e6a74a9d9f4ae6d62e44dd7b5e7aa4187c02160b749b	solomon_harness/templates/wiki/Business-Requirements.md.template
0644	5358809e1d7581a329de23f34e8275c100c7b1d2d03da0f6ac81891c784e9df7	solomon_harness/templates/wiki/Commands-Reference.md.template
0644	dcf532c45618b9f8ec97e32d0984084eec547c3f171d8158deaf76cc5990abc3	solomon_harness/templates/wiki/Design-System.md.template
0644	6cb3105067394704b198899b4cf536f63491a60e181e1eeac2c71e94ed42e420	solomon_harness/templates/wiki/Features.md.template
0644	4349f6b53c7647e7a65d67d53f88af72f3bbddf168f741c5d9320bda50796a22	solomon_harness/templates/wiki/Home.md.template
0644	96cc4b83ece59846e31e67309ce35623d5d8f9c3088f204b01bbd92989a28218	solomon_harness/templates/wiki/Quick-Start.md.template
0644	abf0e4b8e07d57c8f068a4b5f296211d4850c462ec2c649805feb0e547448ad2	solomon_harness/templates/wiki/Release-Notes.md.template
0644	969cc1ae2982f2b882b0278f23eb2f7483c44d2cc40f002b08d7331a1a0ac36d	solomon_harness/templates/wiki/Release.md.template
0644	8431d1bac9a8f497457502a8ea8057b02c8acc85f0fe0b273878307e486ac49a	solomon_harness/templates/wiki/Technical-Documentation.md.template
0644	356727dac97d47d73a54f5943ccae1c0c2694d40fc9f7fc641539be8afcad1cd	solomon_harness/templates/wiki/_Sidebar.md.template
0644	fad2c25ca236b3469d2ce2e07c703677846f58cd5428042a4c15a347852f8850	solomon_harness/tools/__init__.py
0644	5f09497e9c2301fe49b9593cb5088014f7c184e7a5c8c4183e0e5681eef77d00	solomon_harness/tools/database_client.py
0644	faa089cfe9b3401c2db694ed4a33a17963572b864dd8eacb16384b989e512b1b	solomon_harness/voice.py
0644	a91717edcb483a51402a32412771fd07b3203239ce913794fab0fc85908b7e10	solomon_harness/wiki_bootstrap.py
0644	4d1c5700578f6f76c81453fb0708c0031216fe2620a2f9a819c856daf7ed4f30	solomon_harness/workflows.py
0644	76b058654f495b273b7b2dd7a579381983c945b9f52396734b7f9eb04484d25e	solomon_harness/worktree.py
0644	7895caa6145b875677d0fe2aa077b3c338dd82c2e2ae568f3d3bb8c63652acc4	uv.lock
